dec_order,readout,Chip ID,payload,location,isCol,timestamp,tot_msb,tot_lsb,tot_total,tot_us,hittime
0,0,0,4,26,False,206,12,117,3189,15.945,1669947333.2307677
1,0,0,4,28,True,205,11,142,2958,14.79,1669947333.230991
0,1,0,4,26,False,78,1,122,378,1.89,1669947333.2825718
1,1,0,4,28,True,78,1,65,321,1.605,1669947333.2825718
0,2,0,4,26,False,63,7,242,2034,10.17,1669947333.3281987
1,2,0,4,28,True,63,7,192,1984,9.92,1669947333.3284044
0,3,0,4,26,False,159,8,62,2110,10.55,1669947333.3722274
1,3,0,4,28,True,159,7,232,2024,10.12,1669947333.3722274
0,4,0,4,26,False,64,2,3,515,2.575,1669947333.422273
1,4,0,4,28,True,64,1,174,430,2.15,1669947333.422273
0,5,0,4,26,False,30,8,174,2222,11.11,1669947333.4693246
1,5,0,4,28,True,30,8,87,2135,10.675,1669947333.4698782
0,6,0,4,26,False,158,7,211,2003,10.015,1669947333.5316834
1,6,0,4,28,True,158,7,153,1945,9.725,1669947333.5316834
0,7,0,4,26,False,242,0,212,212,1.06,1669947333.5722551
1,7,0,4,28,True,242,0,184,184,0.92,1669947333.5722551
0,8,0,4,26,False,30,7,249,2041,10.205,1669947333.6177194
1,8,0,4,28,True,30,7,162,1954,9.77,1669947333.6177194
0,9,0,4,26,False,157,8,187,2235,11.175,1669947333.679627
1,9,0,4,28,True,157,8,99,2147,10.735,1669947333.679627
0,10,0,4,26,False,200,8,85,2133,10.665,1669947333.7773654
1,10,0,4,28,True,200,7,255,2047,10.235,1669947333.7773654
0,11,0,4,26,False,14,0,162,162,0.81,1669947333.8209147
1,11,0,4,28,True,14,0,132,132,0.66,1669947333.8211353
2,11,0,4,26,False,156,6,252,1788,8.94,1669947333.8212547
3,11,0,4,28,True,156,6,223,1759,8.795,1669947333.8212547
0,12,0,4,26,False,50,0,101,101,0.505,1669947333.869498
1,12,0,4,28,True,50,0,78,78,0.39,1669947333.8697772
0,13,0,4,26,False,28,7,130,1922,9.61,1669947333.9152114
1,13,0,4,28,True,28,7,46,1838,9.19,1669947333.9154227
0,14,0,4,26,False,78,1,134,390,1.95,1669947333.9671504
1,14,0,4,28,True,77,1,67,323,1.615,1669947333.9671504
0,15,0,4,26,False,162,9,62,2366,11.83,1669947333.9959168
1,15,0,4,28,True,162,8,215,2263,11.315,1669947333.9959168
0,16,0,4,26,False,93,0,251,251,1.255,1669947334.0392256
1,16,0,4,28,True,93,0,222,222,1.11,1669947334.0392256
0,17,0,4,26,False,218,8,47,2095,10.475,1669947334.0859501
1,17,0,4,28,True,218,7,192,1984,9.92,1669947334.086992
0,18,0,4,26,False,227,0,177,177,0.885,1669947334.1316545
1,18,0,4,28,True,226,0,148,148,0.74,1669947334.1316545
0,19,0,4,26,False,126,8,161,2209,11.045,1669947334.1786125
1,19,0,4,28,True,126,8,74,2122,10.61,1669947334.1788254
0,20,0,4,26,False,77,9,76,2380,11.9,1669947334.2437053
1,20,0,4,28,True,77,8,216,2264,11.32,1669947334.2437053
0,21,0,4,26,False,92,0,199,199,0.995,1669947334.2904267
1,21,0,4,28,True,92,0,170,170,0.85,1669947334.2907083
0,22,0,4,26,False,243,6,160,1696,8.48,1669947334.3416622
1,22,0,4,28,True,153,6,122,1658,8.29,1669947334.3426664
0,23,0,4,26,False,25,8,99,2147,10.735,1669947334.403519
1,23,0,4,28,True,25,8,13,2061,10.305,1669947334.403519
0,24,0,4,26,False,153,8,35,2083,10.415,1669947334.4621587
1,24,0,4,28,True,153,7,204,1996,9.98,1669947334.4631593
0,25,0,4,26,False,20,0,173,173,0.865,1669947334.5093293
1,25,0,4,28,True,20,0,144,144,0.72,1669947334.5103052
0,26,0,4,26,False,73,8,174,2222,11.11,1669947334.5522597
1,26,0,4,28,True,73,8,35,2083,10.415,1669947334.5522597
0,27,0,4,26,False,66,1,3,259,1.295,1669947334.597436
1,27,0,4,28,True,66,0,202,202,1.01,1669947334.597436
0,28,0,4,26,False,109,8,159,2207,11.035,1669947334.6478086
1,28,0,4,28,True,109,8,50,2098,10.49,1669947334.648101
0,29,0,4,26,False,142,9,84,2388,11.94,1669947334.6953745
1,29,0,4,28,True,142,8,241,2289,11.445,1669947334.6953745
0,30,0,4,26,False,37,2,76,588,2.94,1669947334.7402818
1,30,0,4,28,True,37,2,27,539,2.695,1669947334.7405126
0,31,0,4,26,False,187,8,34,2082,10.41,1669947334.788962
1,31,0,4,28,True,187,7,232,2024,10.12,1669947334.7891514
0,32,0,4,26,False,202,0,190,190,0.95,1669947334.8375945
1,32,0,4,28,True,142,0,179,179,0.895,1669947334.838096
0,33,0,4,26,False,178,9,73,2377,11.885,1669947334.8834534
1,33,0,4,28,True,177,8,214,2262,11.31,1669947334.8841906
0,34,0,4,26,False,150,6,233,1769,8.845,1669947334.9416041
1,34,0,4,28,True,150,6,204,1740,8.7,1669947334.942603
0,35,0,4,26,False,168,0,230,230,1.15,1669947334.9938185
1,35,0,4,28,True,167,0,201,201,1.005,1669947334.9948192
0,36,0,4,26,False,21,6,217,1753,8.765,1669947335.0323334
1,36,0,4,28,True,21,6,188,1724,8.62,1669947335.0323334
0,37,0,4,26,False,149,6,203,1739,8.695,1669947335.0810983
1,37,0,4,28,True,149,6,163,1699,8.495,1669947335.0810983
0,38,0,4,26,False,21,1,191,447,2.235,1669947335.1283567
1,38,0,4,28,True,21,1,106,362,1.81,1669947335.1286309
0,39,0,4,26,False,169,8,2,2050,10.25,1669947335.175539
1,39,0,4,28,True,168,7,180,1972,9.86,1669947335.175539
0,40,0,4,26,False,166,2,237,749,3.745,1669947335.228206
1,40,0,4,28,True,165,2,150,662,3.31,1669947335.2289891
0,41,0,4,26,False,148,7,27,1819,9.095,1669947335.2843113
1,41,0,4,28,True,148,7,33,1825,9.125,1669947335.2852762
0,42,0,4,26,False,173,8,29,2077,10.385,1669947335.3304856
1,42,0,4,28,True,172,7,199,1991,9.955,1669947335.3307252
0,43,0,4,26,False,223,2,156,668,3.34,1669947335.376737
1,43,0,4,28,True,223,2,69,581,2.905,1669947335.376737
0,44,0,4,26,False,65,6,190,1726,8.63,1669947335.4074724
1,44,0,4,28,True,65,6,131,1667,8.335,1669947335.4074724
0,45,0,4,26,False,19,7,224,2016,10.08,1669947335.4741118
1,45,0,4,28,True,19,7,137,1929,9.645,1669947335.4743328
0,46,0,4,26,False,231,0,159,159,0.795,1669947335.5186725
1,46,0,4,28,True,231,0,143,143,0.715,1669947335.519051
0,47,0,4,26,False,235,7,102,1894,9.47,1669947335.5622613
1,47,0,4,28,True,235,7,21,1813,9.065,1669947335.5622613
0,48,0,4,26,False,188,2,239,751,3.755,1669947335.6160738
1,48,0,4,28,True,188,2,127,639,3.195,1669947335.6166208
0,49,0,4,26,False,42,8,248,2296,11.48,1669947335.6750793
1,49,0,4,28,True,42,8,179,2227,11.135,1669947335.6762872
0,50,0,4,26,False,145,7,64,1856,9.28,1669947335.7194166
1,50,0,4,28,True,145,7,6,1798,8.99,1669947335.7196603
0,51,0,4,26,False,9,1,213,469,2.345,1669947335.7713046
1,51,0,4,28,True,9,1,127,383,1.915,1669947335.7722454
0,52,0,4,26,False,240,7,98,1890,9.45,1669947335.817621
1,52,0,4,28,True,240,7,40,1832,9.16,1669947335.8181663
0,53,0,4,26,False,240,6,154,1690,8.45,1669947335.8753695
1,53,0,4,28,True,144,6,145,1681,8.405,1669947335.875611
0,54,0,4,26,False,223,1,215,471,2.355,1669947335.9257526
1,54,0,4,28,True,223,1,131,387,1.935,1669947335.9265046
0,55,0,4,26,False,16,6,158,1694,8.47,1669947335.9689019
1,55,0,4,28,True,16,6,128,1664,8.32,1669947335.9689019
0,56,0,4,26,False,144,7,186,1978,9.89,1669947336.0206208
1,56,0,4,28,True,144,7,128,1920,9.6,1669947336.0208287
0,57,0,4,26,False,150,8,12,2060,10.3,1669947336.1134048
1,57,0,4,28,True,150,7,180,1972,9.86,1669947336.1142323
0,58,0,4,26,False,150,0,7,7,0.035,1669947336.144358
1,58,0,4,28,True,83,0,37,37,0.185,1669947336.1453586
0,59,0,4,26,False,209,8,7,2055,10.275,1669947336.2021737
1,59,0,4,28,True,209,7,176,1968,9.84,1669947336.2021737
0,60,0,4,26,False,14,6,169,1705,8.525,1669947336.2501023
1,60,0,4,28,True,14,6,140,1676,8.38,1669947336.2502625
0,61,0,4,26,False,142,7,149,1941,9.705,1669947336.3333244
1,61,0,4,28,True,142,7,91,1883,9.415,1669947336.3333244
0,62,0,4,26,False,13,7,9,1801,9.005,1669947336.3954203
1,62,0,4,28,True,13,6,205,1741,8.705,1669947336.396197
0,63,0,4,26,False,220,0,135,135,0.675,1669947336.4431396
1,63,0,4,28,True,220,0,106,106,0.53,1669947336.4441366
0,64,0,4,26,False,124,8,79,2127,10.635,1669947336.5061264
1,64,0,4,28,True,124,7,219,2011,10.055,1669947336.5066924
0,65,0,4,26,False,12,8,99,2147,10.735,1669947336.5644093
1,65,0,4,28,True,12,8,13,2061,10.305,1669947336.5648108
0,66,0,4,26,False,222,8,15,2063,10.315,1669947336.6439068
1,66,0,4,28,True,222,7,185,1977,9.885,1669947336.6439068
0,67,0,4,26,False,235,0,59,59,0.295,1669947336.6914887
1,67,0,4,28,True,235,0,63,63,0.315,1669947336.6914887
0,68,0,4,26,False,217,7,49,1841,9.205,1669947336.755726
1,68,0,4,28,True,217,6,247,1783,8.915,1669947336.755726
0,69,0,4,26,False,11,7,116,1908,9.54,1669947336.8155828
1,69,0,4,28,True,11,7,58,1850,9.25,1669947336.8161259
0,70,0,4,26,False,169,7,228,2020,10.1,1669947336.8775458
1,70,0,4,28,True,169,7,151,1943,9.715,1669947336.878052
0,71,0,4,26,False,138,10,254,2814,14.07,1669947336.9390593
1,71,0,4,28,True,138,10,83,2643,13.215,1669947336.9402583
0,72,0,4,26,False,66,1,50,306,1.53,1669947337.0015888
1,72,0,4,28,True,66,1,0,256,1.28,1669947337.0015888
0,73,0,4,26,False,98,7,156,1948,9.74,1669947337.0446744
1,73,0,4,28,True,98,7,128,1920,9.6,1669947337.0446744
0,74,0,4,26,False,35,7,89,1881,9.405,1669947337.1114671
1,74,0,4,28,True,35,7,31,1823,9.115,1669947337.1114671
0,75,0,4,26,False,9,9,234,2538,12.69,1669947337.1730773
1,75,0,4,28,True,9,9,118,2422,12.11,1669947337.1740277
0,76,0,4,26,False,155,7,206,1998,9.99,1669947337.2645435
1,76,0,4,28,True,155,7,171,1963,9.815,1669947337.2648244
0,77,0,4,26,False,156,4,4,1028,5.14,1669947337.3156328
1,77,0,4,28,True,156,3,147,915,4.575,1669947337.3161366
0,78,0,4,26,False,49,8,174,2222,11.11,1669947337.3781695
1,78,0,4,28,True,49,8,81,2129,10.645,1669947337.378746
0,79,0,4,26,False,60,10,169,2729,13.645,1669947337.4233942
1,79,0,4,28,True,60,9,223,2527,12.635,1669947337.4233942
0,80,0,4,26,False,7,7,5,1797,8.985,1669947337.4865725
1,80,0,4,28,True,7,6,203,1739,8.695,1669947337.4871273
0,81,0,4,26,False,240,1,115,371,1.855,1669947337.5445168
1,81,0,4,28,True,240,1,58,314,1.57,1669947337.5455143
0,82,0,4,26,False,217,8,155,2203,11.015,1669947337.5734396
1,82,0,4,28,True,217,8,40,2088,10.44,1669947337.5734396
0,83,0,4,26,False,240,1,176,432,2.16,1669947337.623571
1,83,0,4,28,True,239,1,89,345,1.725,1669947337.6249912
0,84,0,4,26,False,245,7,232,2024,10.12,1669947337.6702492
1,84,0,4,28,True,245,7,144,1936,9.68,1669947337.6715786
0,85,0,4,26,False,252,8,180,2228,11.14,1669947337.7333436
1,85,0,4,28,True,252,8,94,2142,10.71,1669947337.734208
0,86,0,4,26,False,5,6,184,1720,8.6,1669947337.8115897
1,86,0,4,28,True,5,6,154,1690,8.45,1669947337.8120892
0,87,0,4,26,False,99,9,199,2503,12.515,1669947337.8683455
1,87,0,4,28,True,99,9,74,2378,11.89,1669947337.868556
0,88,0,4,26,False,156,1,91,347,1.735,1669947337.9155855
1,88,0,4,28,True,156,1,33,289,1.445,1669947337.9158187
0,89,0,4,26,False,70,9,109,2413,12.065,1669947337.9618747
1,89,0,4,28,True,70,8,251,2299,11.495,1669947337.9622638
0,90,0,4,26,False,208,0,139,139,0.695,1669947338.0069313
1,90,0,4,28,True,208,0,135,135,0.675,1669947338.007155
0,91,0,4,26,False,111,8,168,2216,11.08,1669947338.0570471
1,91,0,4,28,True,111,8,53,2101,10.505,1669947338.05744
0,92,0,4,26,False,115,8,172,2220,11.1,1669947338.1060033
1,92,0,4,28,True,114,8,56,2104,10.52,1669947338.1061163
0,93,0,4,26,False,150,1,114,370,1.85,1669947338.1498148
1,93,0,4,28,True,150,1,56,312,1.56,1669947338.1498148
0,94,0,4,26,False,92,7,210,2002,10.01,1669947338.1994514
1,94,0,4,28,True,92,7,136,1928,9.64,1669947338.1994514
0,95,0,4,26,False,157,1,100,356,1.78,1669947338.2410684
1,95,0,4,28,True,157,1,42,298,1.49,1669947338.2413173
0,96,0,4,26,False,5,6,225,1761,8.805,1669947338.2934818
1,96,0,4,28,True,5,6,212,1748,8.74,1669947338.2934818
0,97,0,4,26,False,52,8,220,2268,11.34,1669947338.3561552
1,97,0,4,28,True,52,8,134,2182,10.91,1669947338.3561552
0,98,0,4,26,False,2,6,245,1781,8.905,1669947338.4098854
1,98,0,4,28,True,2,6,188,1724,8.62,1669947338.4109173
0,99,0,4,26,False,129,7,234,2026,10.13,1669947338.5095637
1,99,0,4,28,True,129,7,147,1939,9.695,1669947338.510535
0,100,0,4,26,False,63,1,11,267,1.335,1669947338.5505736
1,100,0,4,28,True,63,0,238,238,1.19,1669947338.5508144
0,101,0,4,26,False,128,8,48,2096,10.48,1669947338.5985818
1,101,0,4,28,True,128,7,241,2033,10.165,1669947338.5987954
0,102,0,4,26,False,128,9,195,2499,12.495,1669947338.646952
1,102,0,4,28,True,128,9,85,2389,11.945,1669947338.647341
0,103,0,4,26,False,150,1,203,459,2.295,1669947338.6976016
1,103,0,4,28,True,150,1,119,375,1.875,1669947338.6981032
0,104,0,4,26,False,61,7,94,1886,9.43,1669947338.7581878
1,104,0,4,28,True,61,7,35,1827,9.135,1669947338.758422
0,105,0,4,26,False,127,6,193,1729,8.645,1669947338.787899
1,105,0,4,28,True,127,6,135,1671,8.355,1669947338.7881594
0,106,0,4,26,False,56,1,1,257,1.285,1669947338.83658
1,106,0,4,28,True,56,0,228,228,1.14,1669947338.8375845
0,107,0,4,26,False,255,6,152,1688,8.44,1669947338.8989043
1,107,0,4,28,True,255,6,123,1659,8.295,1669947338.9002128
0,108,0,4,26,False,146,7,177,1969,9.845,1669947338.9455392
1,108,0,4,28,True,146,7,91,1883,9.415,1669947338.9465356
0,109,0,4,26,False,50,3,35,803,4.015,1669947338.988642
1,109,0,4,28,True,50,2,205,717,3.585,1669947338.988642
0,110,0,4,26,False,162,7,111,1903,9.515,1669947339.0378783
1,110,0,4,28,True,162,7,44,1836,9.18,1669947339.0381289
0,111,0,4,26,False,238,0,181,181,0.905,1669947339.0858967
1,111,0,4,28,True,238,0,152,152,0.76,1669947339.0866961
0,112,0,4,26,False,151,7,192,1984,9.92,1669947339.1265855
1,112,0,4,28,True,151,7,104,1896,9.48,1669947339.1268134
0,113,0,4,26,False,253,9,122,2426,12.13,1669947339.1785314
1,113,0,4,28,True,253,8,235,2283,11.415,1669947339.179026
0,114,0,4,26,False,83,3,247,1015,5.075,1669947339.2384107
1,114,0,4,28,True,83,3,86,854,4.27,1669947339.239408
0,115,0,4,26,False,246,9,28,2332,11.66,1669947339.2832906
1,115,0,4,28,True,246,8,168,2216,11.08,1669947339.2832906
0,116,0,4,26,False,252,7,172,1964,9.82,1669947339.3311627
1,116,0,4,28,True,252,7,134,1926,9.63,1669947339.3311627
0,117,0,4,26,False,90,0,139,139,0.695,1669947339.3780375
1,117,0,4,28,True,90,0,142,142,0.71,1669947339.3780375
0,118,0,4,26,False,164,10,20,2580,12.9,1669947339.4229877
1,118,0,4,28,True,164,9,174,2478,12.39,1669947339.4229877
0,119,0,4,26,False,171,0,177,177,0.885,1669947339.4705877
1,119,0,4,28,True,171,0,188,188,0.94,1669947339.4705877
0,120,0,4,26,False,154,7,48,1840,9.2,1669947339.5190325
1,120,0,4,28,True,154,6,246,1782,8.91,1669947339.5192611
0,121,0,4,26,False,247,6,253,1789,8.945,1669947339.5796132
1,121,0,4,28,True,247,6,195,1731,8.655,1669947339.5806105
0,122,0,4,26,False,250,9,63,2367,11.835,1669947339.6274858
1,122,0,4,28,True,250,8,178,2226,11.13,1669947339.6274858
0,123,0,4,26,False,239,0,186,186,0.93,1669947339.6893194
1,123,0,4,28,True,239,0,157,157,0.785,1669947339.6893194
0,124,0,4,26,False,250,7,94,1886,9.43,1669947339.7371917
1,124,0,4,28,True,250,7,35,1827,9.135,1669947339.7382011
0,125,0,4,26,False,112,1,132,388,1.94,1669947339.7841644
1,125,0,4,28,True,112,1,74,330,1.65,1669947339.7843552
0,126,0,4,26,False,6,9,67,2371,11.855,1669947339.8304634
1,126,0,4,28,True,6,8,209,2257,11.285,1669947339.8304634
0,127,0,4,26,False,59,10,63,2623,13.115,1669947339.897428
1,127,0,4,28,True,59,9,204,2508,12.54,1669947339.897428
0,128,0,4,26,False,249,7,78,1870,9.35,1669947339.9594424
1,128,0,4,28,True,249,7,44,1836,9.18,1669947339.959947
0,129,0,4,26,False,120,6,168,1704,8.52,1669947340.0534368
1,129,0,4,28,True,120,6,139,1675,8.375,1669947340.0534368
0,130,0,4,26,False,30,9,143,2447,12.235,1669947340.1156855
1,130,0,4,28,True,30,9,12,2316,11.58,1669947340.1156855
0,131,0,4,26,False,119,7,136,1928,9.64,1669947340.1871536
1,131,0,4,28,True,119,7,77,1869,9.345,1669947340.187389
0,132,0,4,26,False,48,0,107,107,0.535,1669947340.2401032
1,132,0,4,28,True,48,0,117,117,0.585,1669947340.2408886
0,133,0,4,26,False,247,6,183,1719,8.595,1669947340.2854147
1,133,0,4,28,True,247,6,153,1689,8.445,1669947340.2859213
0,134,0,4,26,False,118,7,47,1839,9.195,1669947340.3432162
1,134,0,4,28,True,118,6,245,1781,8.905,1669947340.3432162
0,135,0,4,26,False,246,7,43,1835,9.175,1669947340.4379427
1,135,0,4,28,True,246,7,29,1821,9.105,1669947340.4379427
0,136,0,4,26,False,144,2,30,542,2.71,1669947340.468878
1,136,0,4,28,True,144,1,228,484,2.42,1669947340.4698443
0,137,0,4,26,False,111,7,224,2016,10.08,1669947340.5012822
1,137,0,4,28,True,111,7,137,1929,9.645,1669947340.5012822
0,138,0,4,26,False,251,3,215,983,4.915,1669947340.5467556
1,138,0,4,28,True,251,3,98,866,4.33,1669947340.5469575
0,139,0,4,26,False,18,9,61,2365,11.825,1669947340.5915976
1,139,0,4,28,True,18,8,201,2249,11.245,1669947340.5915976
0,140,0,4,26,False,18,1,15,271,1.355,1669947340.6405342
1,140,0,4,28,True,18,0,242,242,1.21,1669947340.6407597
0,141,0,4,26,False,173,8,30,2078,10.39,1669947340.6877747
1,141,0,4,28,True,173,7,226,2018,10.09,1669947340.6880405
0,142,0,4,26,False,244,6,207,1743,8.715,1669947340.7402785
1,142,0,4,28,True,244,6,179,1715,8.575,1669947340.7402785
0,143,0,4,26,False,144,0,195,195,0.975,1669947340.7816057
1,143,0,4,28,True,144,0,166,166,0.83,1669947340.7818537
0,144,0,4,26,False,218,7,106,1898,9.49,1669947340.831644
1,144,0,4,28,True,218,7,20,1812,9.06,1669947340.8320618
0,145,0,4,26,False,243,7,39,1831,9.155,1669947340.8729763
1,145,0,4,28,True,243,6,249,1785,8.925,1669947340.8739548
0,146,0,4,26,False,162,0,236,236,1.18,1669947340.9188337
1,146,0,4,28,True,162,0,207,207,1.035,1669947340.9198318
0,147,0,4,26,False,115,6,91,1627,8.135,1669947340.9677038
1,147,0,4,28,True,115,6,62,1598,7.99,1669947340.9677038
0,148,0,4,26,False,96,7,175,1967,9.835,1669947341.062384
1,148,0,4,28,True,96,7,88,1880,9.4,1669947341.062384
0,149,0,4,26,False,114,7,198,1990,9.95,1669947341.113047
1,149,0,4,28,True,114,7,112,1904,9.52,1669947341.113047
0,150,0,4,26,False,62,7,246,2038,10.19,1669947341.207445
1,150,0,4,28,True,62,7,160,1952,9.76,1669947341.207445
0,151,0,4,26,False,153,9,127,2431,12.155,1669947341.279362
1,151,0,4,28,True,153,9,11,2315,11.575,1669947341.279362
0,152,0,4,26,False,62,0,107,107,0.535,1669947341.3114612
1,152,0,4,28,True,62,0,82,82,0.41,1669947341.3114612
0,153,0,4,26,False,241,6,137,1673,8.365,1669947341.3632627
1,153,0,4,28,True,240,6,107,1643,8.215,1669947341.3632627
0,154,0,4,26,False,27,0,123,123,0.615,1669947341.4034827
1,154,0,4,28,True,27,0,94,94,0.47,1669947341.4046261
0,155,0,4,26,False,112,7,127,1919,9.595,1669947341.4363208
1,155,0,4,28,True,112,7,67,1859,9.295,1669947341.4363208
0,156,0,4,26,False,20,8,128,2176,10.88,1669947341.5115159
1,156,0,4,28,True,20,8,13,2061,10.305,1669947341.5115159
0,157,0,4,26,False,216,2,172,684,3.42,1669947341.5593395
1,157,0,4,28,True,216,2,57,569,2.845,1669947341.5593395
0,158,0,4,26,False,111,6,109,1645,8.225,1669947341.591254
1,158,0,4,28,True,111,6,80,1616,8.08,1669947341.591254
0,159,0,4,26,False,146,7,183,1975,9.875,1669947341.6691146
1,159,0,4,28,True,146,7,98,1890,9.45,1669947341.6691146
0,160,0,4,26,False,152,1,112,368,1.84,1669947341.7214208
1,160,0,4,28,True,152,1,58,314,1.57,1669947341.7219374
0,161,0,4,26,False,114,8,30,2078,10.39,1669947341.7825537
1,161,0,4,28,True,114,7,173,1965,9.825,1669947341.7838745
0,162,0,4,26,False,86,6,109,1645,8.225,1669947341.8274038
1,162,0,4,28,True,86,6,68,1604,8.02,1669947341.8274038
0,163,0,4,26,False,143,4,55,1079,5.395,1669947341.8775196
1,163,0,4,28,True,143,3,192,960,4.8,1669947341.8780196
0,164,0,4,26,False,139,9,61,2365,11.825,1669947341.9379382
1,164,0,4,28,True,138,8,173,2221,11.105,1669947341.9381797
0,165,0,4,26,False,237,6,103,1639,8.195,1669947341.98585
1,165,0,4,28,True,237,6,74,1610,8.05,1669947341.98585
0,166,0,4,26,False,43,3,90,858,4.29,1669947342.0357313
1,166,0,4,28,True,43,3,6,774,3.87,1669947342.0357313
0,167,0,4,26,False,178,9,17,2321,11.605,1669947342.091175
1,167,0,4,28,True,178,8,131,2179,10.895,1669947342.091175
0,168,0,4,26,False,22,7,228,2020,10.1,1669947342.1370533
1,168,0,4,28,True,22,7,141,1933,9.665,1669947342.1380503
0,169,0,4,26,False,192,1,89,345,1.725,1669947342.1849246
1,169,0,4,28,True,192,1,32,288,1.44,1669947342.1859388
0,170,0,4,26,False,1,7,144,1936,9.68,1669947342.2168393
1,170,0,4,28,True,76,7,114,1906,9.53,1669947342.2168393
0,171,0,4,26,False,235,7,2,1794,8.97,1669947342.280125
1,171,0,4,28,True,235,6,200,1736,8.68,1669947342.2803643
0,172,0,4,26,False,238,0,184,184,0.92,1669947342.3306043
1,172,0,4,28,True,238,0,156,156,0.78,1669947342.331576
0,173,0,4,26,False,202,8,59,2107,10.535,1669947342.3759062
1,173,0,4,28,True,201,7,228,2020,10.1,1669947342.376103
0,174,0,4,26,False,41,7,27,1819,9.095,1669947342.4521463
1,174,0,4,28,True,41,6,226,1762,8.81,1669947342.4521463
0,175,0,4,26,False,106,7,245,2037,10.185,1669947342.4974487
1,175,0,4,28,True,106,7,186,1978,9.89,1669947342.4974487
0,176,0,4,26,False,96,3,121,889,4.445,1669947342.545355
1,176,0,4,28,True,96,3,11,779,3.895,1669947342.5463002
0,177,0,4,26,False,233,9,64,2368,11.84,1669947342.5925648
1,177,0,4,28,True,233,8,205,2253,11.265,1669947342.5925648
0,178,0,4,26,False,72,9,19,2323,11.615,1669947342.689427
1,178,0,4,28,True,72,8,160,2208,11.04,1669947342.6899288
0,179,0,4,26,False,232,7,198,1990,9.95,1669947342.7367902
1,179,0,4,28,True,232,7,113,1905,9.525,1669947342.737386
2,179,0,4,26,False,21,1,69,325,1.625,1669947342.737961
3,179,0,4,28,True,21,1,40,296,1.48,1669947342.7385156
0,180,0,4,26,False,145,2,123,635,3.175,1669947342.8000803
1,180,0,4,28,True,145,2,37,549,2.745,1669947342.8005834
0,181,0,4,26,False,186,7,139,1931,9.655,1669947342.860406
1,181,0,4,28,True,186,7,54,1846,9.23,1669947342.8618495
0,182,0,4,26,False,253,8,252,2300,11.5,1669947342.923697
1,182,0,4,28,True,253,8,165,2213,11.065,1669947342.9245837
0,183,0,4,26,False,55,8,64,2112,10.56,1669947342.9686856
1,183,0,4,28,True,55,7,206,1998,9.99,1669947342.969877
0,184,0,4,26,False,254,1,44,300,1.5,1669947343.0299637
1,184,0,4,28,True,253,1,15,271,1.355,1669947343.0300875
0,185,0,4,26,False,91,8,193,2241,11.205,1669947343.0715806
1,185,0,4,28,True,91,8,79,2127,10.635,1669947343.0715806
0,186,0,4,26,False,102,8,136,2184,10.92,1669947343.1194525
1,186,0,4,28,True,102,8,35,2083,10.415,1669947343.120451
0,187,0,4,26,False,15,2,237,749,3.745,1669947343.1673255
1,187,0,4,28,True,15,2,105,617,3.085,1669947343.1673255
0,188,0,4,26,False,230,6,248,1784,8.92,1669947343.1992397
1,188,0,4,28,True,230,6,219,1755,8.775,1669947343.1992397
0,189,0,4,26,False,95,0,116,116,0.58,1669947343.2317166
1,189,0,4,28,True,95,0,88,88,0.44,1669947343.2317166
0,190,0,4,26,False,101,6,215,1751,8.755,1669947343.2788103
1,190,0,4,28,True,101,6,186,1722,8.61,1669947343.2790391
0,191,0,4,26,False,21,2,201,713,3.565,1669947343.3412783
1,191,0,4,28,True,21,2,114,626,3.13,1669947343.3412783
0,192,0,4,26,False,229,6,109,1645,8.225,1669947343.3914347
1,192,0,4,28,True,229,6,80,1616,8.08,1669947343.3914347
0,193,0,4,26,False,144,9,247,2551,12.755,1669947343.4530509
1,193,0,4,28,True,144,9,131,2435,12.175,1669947343.4530509
0,194,0,4,26,False,141,3,48,816,4.08,1669947343.4961739
1,194,0,4,28,True,141,2,215,727,3.635,1669947343.4963772
0,195,0,4,26,False,254,8,76,2124,10.62,1669947343.542254
1,195,0,4,28,True,254,7,247,2039,10.195,1669947343.542254
0,196,0,4,26,False,108,7,82,1874,9.37,1669947343.5896595
1,196,0,4,28,True,108,7,23,1815,9.075,1669947343.5896595
0,197,0,4,26,False,234,0,194,194,0.97,1669947343.6361809
1,197,0,4,28,True,234,0,165,165,0.825,1669947343.6361809
2,197,0,4,26,False,90,0,59,59,0.295,1669947343.6361809
3,197,0,4,28,True,90,0,64,64,0.32,1669947343.6361809
0,198,0,4,26,False,219,7,234,2026,10.13,1669947343.685007
1,198,0,4,28,True,219,7,161,1953,9.765,1669947343.685226
0,199,0,4,26,False,57,0,175,175,0.875,1669947343.7298193
1,199,0,4,28,True,57,0,146,146,0.73,1669947343.7298193
0,200,0,4,26,False,28,10,217,2777,13.885,1669947343.7607195
1,200,0,4,28,True,28,10,19,2579,12.895,1669947343.7617168
0,201,0,4,26,False,226,7,196,1988,9.94,1669947343.8095887
1,201,0,4,28,True,226,7,138,1930,9.65,1669947343.8095887
0,202,0,4,26,False,141,2,8,520,2.6,1669947343.871515
1,202,0,4,28,True,141,1,207,463,2.315,1669947343.871515
0,203,0,4,26,False,188,8,106,2154,10.77,1669947343.9184983
1,203,0,4,28,True,188,8,10,2058,10.29,1669947343.918719
0,204,0,4,26,False,17,0,234,234,1.17,1669947343.9644144
1,204,0,4,28,True,17,0,177,177,0.885,1669947343.9644144
0,205,0,4,26,False,215,7,36,1828,9.14,1669947344.0114913
1,205,0,4,28,True,215,6,234,1770,8.85,1669947344.0117755
0,206,0,4,26,False,97,7,58,1850,9.25,1669947344.0611198
1,206,0,4,28,True,97,7,2,1794,8.97,1669947344.0611198
0,207,0,4,26,False,7,1,26,282,1.41,1669947344.1090775
1,207,0,4,28,True,7,0,235,235,1.175,1669947344.109628
0,208,0,4,26,False,109,8,96,2144,10.72,1669947344.170063
1,208,0,4,28,True,109,8,32,2080,10.4,1669947344.1702995
0,209,0,4,26,False,86,7,200,1992,9.96,1669947344.2129734
1,209,0,4,28,True,86,7,123,1915,9.575,1669947344.2139726
0,210,0,4,26,False,107,0,137,137,0.685,1669947344.2656686
1,210,0,4,28,True,106,0,109,109,0.545,1669947344.26639
0,211,0,4,26,False,223,7,96,1888,9.44,1669947344.3061826
1,211,0,4,28,True,223,7,38,1830,9.15,1669947344.3061826
0,212,0,4,26,False,248,8,159,2207,11.035,1669947344.3892748
1,212,0,4,28,True,248,8,88,2136,10.68,1669947344.3892748
0,213,0,4,26,False,131,0,245,245,1.225,1669947344.413252
1,213,0,4,28,True,131,0,216,216,1.08,1669947344.413252
0,214,0,4,26,False,223,6,110,1646,8.23,1669947344.4652967
1,214,0,4,28,True,222,6,81,1617,8.085,1669947344.4652967
0,215,0,4,26,False,244,7,178,1970,9.85,1669947344.5269325
1,215,0,4,28,True,244,7,91,1883,9.415,1669947344.5279293
0,216,0,4,26,False,167,0,212,212,1.06,1669947344.5701604
1,216,0,4,28,True,167,0,183,183,0.915,1669947344.5711741
0,217,0,4,26,False,21,8,205,2253,11.265,1669947344.599019
1,217,0,4,28,True,21,8,90,2138,10.69,1669947344.599019
0,218,0,4,26,False,2,1,35,291,1.455,1669947344.649136
1,218,0,4,28,True,2,1,6,262,1.31,1669947344.6493733
0,219,0,4,26,False,59,9,108,2412,12.06,1669947344.6974907
1,219,0,4,28,True,59,8,249,2297,11.485,1669947344.6974907
0,220,0,4,26,False,137,0,191,191,0.955,1669947344.7415438
1,220,0,4,28,True,137,0,162,162,0.81,1669947344.7415438
0,221,0,4,26,False,167,9,4,2308,11.54,1669947344.7881658
1,221,0,4,28,True,167,8,172,2220,11.1,1669947344.7894044
0,222,0,4,26,False,92,6,239,1775,8.875,1669947344.836053
1,222,0,4,28,True,92,6,181,1717,8.585,1669947344.836053
0,223,0,4,26,False,188,0,216,216,1.08,1669947344.8820214
1,223,0,4,28,True,188,0,197,197,0.985,1669947344.882261
0,224,0,4,26,False,82,7,229,2021,10.105,1669947344.9276028
1,224,0,4,28,True,82,7,142,1934,9.67,1669947344.9278493
0,225,0,4,26,False,91,7,23,1815,9.075,1669947344.992625
1,225,0,4,28,True,91,6,222,1758,8.79,1669947344.992625
0,226,0,4,26,False,219,8,86,2134,10.67,1669947345.071559
1,226,0,4,28,True,219,7,227,2019,10.095,1669947345.071559
0,227,0,4,26,False,2,1,97,353,1.765,1669947345.112278
1,227,0,4,28,True,1,1,39,295,1.475,1669947345.112278
0,228,0,4,26,False,90,6,45,1581,7.905,1669947345.1652613
1,228,0,4,28,True,90,6,14,1550,7.75,1669947345.1662593
0,229,0,4,26,False,70,8,132,2180,10.9,1669947345.2272828
1,229,0,4,28,True,70,8,17,2065,10.325,1669947345.2277865
0,230,0,4,26,False,249,0,222,222,1.11,1669947345.2689886
1,230,0,4,28,True,249,0,227,227,1.135,1669947345.2689886
0,231,0,4,26,False,19,8,156,2204,11.02,1669947345.3213787
1,231,0,4,28,True,19,8,41,2089,10.445,1669947345.3218794
0,232,0,4,26,False,199,8,137,2185,10.925,1669947345.382833
1,232,0,4,28,True,199,8,49,2097,10.485,1669947345.382833
0,233,0,4,26,False,194,2,98,610,3.05,1669947345.431986
1,233,0,4,28,True,194,1,247,503,2.515,1669947345.431986
0,234,0,4,26,False,78,11,155,2971,14.855,1669947345.494588
1,234,0,4,26,False,248,0,87,87,0.435,1669947345.4951794
2,234,0,4,28,True,248,11,52,2868,14.34,1669947345.495397
0,235,0,4,26,False,179,9,215,2519,12.595,1669947345.5352607
1,235,0,4,28,True,179,9,69,2373,11.865,1669947345.5352607
0,236,0,4,26,False,59,7,219,2011,10.055,1669947345.6125321
1,236,0,4,28,True,59,7,161,1953,9.765,1669947345.6135285
0,237,0,4,26,False,215,8,106,2154,10.77,1669947345.674191
1,237,0,4,28,True,215,7,231,2023,10.115,1669947345.6744032
0,238,0,4,26,False,244,0,158,158,0.79,1669947345.721301
1,238,0,4,28,True,244,0,129,129,0.645,1669947345.7215774
0,239,0,4,26,False,104,8,15,2063,10.315,1669947345.77192
1,239,0,4,28,True,104,7,217,2009,10.045,1669947345.7721343
0,240,0,4,26,False,247,1,38,294,1.47,1669947345.8155408
1,240,0,4,28,True,247,0,237,237,1.185,1669947345.8155408
0,241,0,4,26,False,195,8,166,2214,11.07,1669947345.8652048
1,241,0,4,28,True,195,8,51,2099,10.495,1669947345.8652048
0,242,0,4,26,False,86,7,186,1978,9.89,1669947345.92652
1,242,0,4,28,True,86,7,99,1891,9.455,1669947345.9277875
0,243,0,4,26,False,224,0,119,119,0.595,1669947345.9704437
1,243,0,4,28,True,224,0,90,90,0.45,1669947345.9706688
0,244,0,4,26,False,214,6,174,1710,8.55,1669947346.0169208
1,244,0,4,28,True,214,6,145,1681,8.405,1669947346.0171795
0,245,0,4,26,False,85,7,58,1850,9.25,1669947346.0662675
1,245,0,4,28,True,85,7,0,1792,8.96,1669947346.0672977
0,246,0,4,26,False,65,2,235,747,3.735,1669947346.111577
1,246,0,4,28,True,65,2,149,661,3.305,1669947346.111846
0,247,0,4,26,False,72,7,185,1977,9.885,1669947346.161311
1,247,0,4,28,True,72,7,99,1891,9.455,1669947346.1618168
0,248,0,4,26,False,229,8,55,2103,10.515,1669947346.2392302
1,248,0,4,28,True,229,7,226,2018,10.09,1669947346.2397354
0,249,0,4,26,False,212,6,197,1733,8.665,1669947346.3015318
1,249,0,4,28,True,212,6,145,1681,8.405,1669947346.3019512
0,250,0,4,26,False,219,3,135,903,4.515,1669947346.3620062
1,250,0,4,28,True,219,3,47,815,4.075,1669947346.3622868
0,251,0,4,26,False,203,9,87,2391,11.955,1669947346.4051645
1,251,0,4,28,True,203,8,232,2280,11.4,1669947346.4051645
0,252,0,4,26,False,211,7,250,2042,10.21,1669947346.455409
1,252,0,4,28,True,211,7,155,1947,9.735,1669947346.455916
0,253,0,4,26,False,106,7,127,1919,9.595,1669947346.5463061
1,253,0,4,28,True,106,7,69,1861,9.305,1669947346.5473037
0,254,0,4,26,False,208,2,129,641,3.205,1669947346.5953572
1,254,0,4,28,True,208,2,13,525,2.625,1669947346.5953572
0,255,0,4,26,False,210,6,179,1715,8.575,1669947346.6363392
1,255,0,4,28,True,210,6,149,1685,8.425,1669947346.6365647
0,256,0,4,26,False,82,7,156,1948,9.74,1669947346.66719
1,256,0,4,28,True,81,7,133,1925,9.625,1669947346.66719
0,257,0,4,26,False,221,0,247,247,1.235,1669947346.714435
1,257,0,4,28,True,221,0,218,218,1.09,1669947346.7146614
0,258,0,4,26,False,83,9,34,2338,11.69,1669947346.7622435
1,258,0,4,28,True,83,8,178,2226,11.13,1669947346.7622435
0,259,0,4,26,False,238,1,163,419,2.095,1669947346.8139277
1,259,0,4,28,True,237,1,83,339,1.695,1669947346.8139277
0,260,0,4,26,False,81,8,131,2179,10.895,1669947346.8592234
1,260,0,4,28,True,81,8,73,2121,10.605,1669947346.859921
0,261,0,4,26,False,209,8,65,2113,10.565,1669947346.9347005
1,261,0,4,28,True,209,7,217,2009,10.045,1669947346.9347005
0,262,0,4,26,False,80,7,237,2029,10.145,1669947347.0100703
1,262,0,4,28,True,80,7,151,1943,9.715,1669947347.0103812
0,263,0,4,26,False,126,5,153,1433,7.165,1669947347.0591378
1,263,0,4,28,True,126,4,240,1264,6.32,1669947347.059684
0,264,0,4,26,False,71,10,11,2571,12.855,1669947347.1192
1,264,0,4,28,True,71,9,122,2426,12.13,1669947347.1197062
0,265,0,4,26,False,17,12,23,3095,15.475,1669947347.179499
1,265,0,4,28,True,17,11,73,2889,14.445,1669947347.179499
0,266,0,4,26,False,206,6,185,1721,8.605,1669947347.2235355
1,266,0,4,28,True,206,6,162,1698,8.49,1669947347.2235355
0,267,0,4,26,False,243,1,71,327,1.635,1669947347.2701151
1,267,0,4,28,True,243,1,13,269,1.345,1669947347.2702327
0,268,0,4,26,False,78,6,194,1730,8.65,1669947347.317788
1,268,0,4,28,True,78,6,165,1701,8.505,1669947347.3180928
0,269,0,4,26,False,82,1,97,353,1.765,1669947347.3701522
1,269,0,4,28,True,82,1,40,296,1.48,1669947347.371267
2,269,0,4,26,False,71,0,207,207,1.035,1669947347.371475
3,269,0,4,28,True,71,0,178,178,0.89,1669947347.3716848
0,270,0,4,26,False,205,6,244,1780,8.9,1669947347.4129605
1,270,0,4,28,True,205,6,224,1760,8.8,1669947347.4129605
0,271,0,4,26,False,77,9,237,2541,12.705,1669947347.4581904
1,271,0,4,28,True,77,9,92,2396,11.98,1669947347.4581904
0,272,0,4,26,False,237,2,10,522,2.61,1669947347.4894023
1,272,0,4,28,True,237,1,195,451,2.255,1669947347.4894023
0,273,0,4,26,False,205,6,158,1694,8.47,1669947347.5521474
1,273,0,4,28,True,204,6,129,1665,8.325,1669947347.5521474
0,274,0,4,26,False,182,1,97,353,1.765,1669947347.585221
1,274,0,4,28,True,182,1,67,323,1.615,1669947347.5855303
0,275,0,4,26,False,222,9,7,2311,11.555,1669947347.6305456
1,275,0,4,28,True,222,8,146,2194,10.97,1669947347.6305456
0,276,0,4,26,False,58,2,138,650,3.25,1669947347.677313
1,276,0,4,28,True,57,2,63,575,2.875,1669947347.6776044
0,277,0,4,26,False,97,8,32,2080,10.4,1669947347.7279446
1,277,0,4,28,True,96,7,201,1993,9.965,1669947347.7283015
0,278,0,4,26,False,68,7,168,1960,9.8,1669947347.7719667
1,278,0,4,28,True,67,7,105,1897,9.485,1669947347.772257
0,279,0,4,26,False,68,0,234,234,1.17,1669947347.8228426
1,279,0,4,28,True,68,0,205,205,1.025,1669947347.8228426
0,280,0,4,26,False,8,7,144,1936,9.68,1669947347.8873715
1,280,0,4,28,True,8,7,84,1876,9.38,1669947347.8878925
2,280,0,4,26,False,249,0,149,149,0.745,1669947347.888316
3,280,0,4,28,True,249,0,120,120,0.6,1669947347.8885415
0,281,0,4,26,False,74,6,123,1659,8.295,1669947347.9427779
1,281,0,4,28,True,74,6,93,1629,8.145,1669947347.9427779
0,282,0,4,26,False,104,0,189,189,0.945,1669947347.9928522
1,282,0,4,28,True,218,0,176,176,0.88,1669947347.9928522
0,283,0,4,26,False,223,9,17,2321,11.605,1669947348.0330439
1,283,0,4,28,True,223,8,157,2205,11.025,1669947348.0330439
0,284,0,4,26,False,73,7,128,1920,9.6,1669947348.0821729
1,284,0,4,28,True,73,7,70,1862,9.31,1669947348.0821729
0,285,0,4,26,False,170,3,234,1002,5.01,1669947348.1285245
1,285,0,4,28,True,170,3,126,894,4.47,1669947348.1287725
0,286,0,4,26,False,94,7,152,1944,9.72,1669947348.1794055
1,286,0,4,28,True,94,7,94,1886,9.43,1669947348.1794055
0,287,0,4,26,False,123,0,228,228,1.14,1669947348.225659
1,287,0,4,28,True,123,0,199,199,0.995,1669947348.225659
2,287,0,4,26,False,72,7,9,1801,9.005,1669947348.226659
3,287,0,4,28,True,72,6,236,1772,8.86,1669947348.226659
0,288,0,4,26,False,85,0,245,245,1.225,1669947348.2729168
1,288,0,4,28,True,85,0,231,231,1.155,1669947348.273911
0,289,0,4,26,False,28,8,217,2265,11.325,1669947348.3230388
1,289,0,4,28,True,28,8,118,2166,10.83,1669947348.3230388
0,290,0,4,26,False,94,0,172,172,0.86,1669947348.3646607
1,290,0,4,28,True,94,0,160,160,0.8,1669947348.3649018
0,291,0,4,26,False,72,7,29,1821,9.105,1669947348.4172435
1,291,0,4,28,True,72,6,228,1764,8.82,1669947348.4177485
0,292,0,4,26,False,199,9,39,2343,11.715,1669947348.4658155
1,292,0,4,28,True,199,8,196,2244,11.22,1669947348.4663167
0,293,0,4,26,False,71,7,232,2024,10.12,1669947348.5436096
1,293,0,4,28,True,71,7,150,1942,9.71,1669947348.5436096
0,294,0,4,26,False,46,7,181,1973,9.865,1669947348.6351342
1,294,0,4,28,True,46,7,82,1874,9.37,1669947348.6359117
0,295,0,4,26,False,70,7,96,1888,9.44,1669947348.6932566
1,295,0,4,28,True,70,7,39,1831,9.155,1669947348.694256
0,296,0,4,26,False,74,3,6,774,3.87,1669947348.7434752
1,296,0,4,28,True,74,2,174,686,3.43,1669947348.7434752
0,297,0,4,26,False,197,7,0,1792,8.96,1669947348.7705972
1,297,0,4,28,True,197,6,227,1763,8.815,1669947348.7708106
0,298,0,4,26,False,119,2,19,531,2.655,1669947348.815433
1,298,0,4,28,True,119,1,163,419,2.095,1669947348.815433
0,299,0,4,26,False,119,7,165,1957,9.785,1669947348.862241
1,299,0,4,28,True,119,7,96,1888,9.44,1669947348.862241
0,300,0,4,26,False,20,1,175,431,2.155,1669947348.9111884
1,300,0,4,28,True,20,1,117,373,1.865,1669947348.9122164
0,301,0,4,26,False,91,7,62,1854,9.27,1669947348.9578898
1,301,0,4,28,True,91,7,5,1797,8.985,1669947348.9581342
0,302,0,4,26,False,68,7,193,1985,9.925,1669947349.0033715
1,302,0,4,28,True,68,7,108,1900,9.5,1669947349.0033715
0,303,0,4,26,False,59,1,221,477,2.385,1669947349.0528338
1,303,0,4,28,True,59,1,173,429,2.145,1669947349.053831
0,304,0,4,26,False,237,7,35,1827,9.135,1669947349.1127179
1,304,0,4,28,True,237,6,233,1769,8.845,1669947349.1137655
0,305,0,4,26,False,67,9,91,2395,11.975,1669947349.1585517
1,305,0,4,28,True,67,8,231,2279,11.395,1669947349.1589692
0,306,0,4,26,False,84,0,122,122,0.61,1669947349.2077942
1,306,0,4,28,True,84,0,93,93,0.465,1669947349.2083175
0,307,0,4,26,False,135,7,112,1904,9.52,1669947349.2550185
1,307,0,4,28,True,135,7,54,1846,9.23,1669947349.2550185
0,308,0,4,26,False,66,9,172,2476,12.38,1669947349.3299327
1,308,0,4,28,True,66,9,27,2331,11.655,1669947349.3307664
0,309,0,4,26,False,153,7,88,1880,9.4,1669947349.3912177
1,309,0,4,28,True,153,7,61,1853,9.265,1669947349.3912177
0,310,0,4,26,False,210,0,254,254,1.27,1669947349.4357705
1,310,0,4,28,True,210,0,225,225,1.125,1669947349.4360669
0,311,0,4,26,False,177,10,152,2712,13.56,1669947349.4872198
1,311,0,4,28,True,176,9,234,2538,12.69,1669947349.4877257
0,312,0,4,26,False,86,7,164,1956,9.78,1669947349.5451417
1,312,0,4,28,True,86,7,97,1889,9.445,1669947349.5451417
0,313,0,4,26,False,179,2,90,602,3.01,1669947349.5911365
1,313,0,4,28,True,179,2,2,514,2.57,1669947349.591421
0,314,0,4,26,False,64,7,250,2042,10.21,1669947349.6365495
1,314,0,4,28,True,64,7,164,1956,9.78,1669947349.6367502
0,315,0,4,26,False,102,2,131,643,3.215,1669947349.6838362
1,315,0,4,28,True,102,2,51,563,2.815,1669947349.6838362
0,316,0,4,26,False,245,6,244,1780,8.9,1669947349.7305398
1,316,0,4,28,True,244,6,191,1727,8.635,1669947349.7307491
0,317,0,4,26,False,63,7,147,1939,9.695,1669947349.7776747
1,317,0,4,28,True,63,7,89,1881,9.405,1669947349.7779236
0,318,0,4,28,True,63,0,23,23,0.115,1669947349.8265777
0,319,0,4,26,False,134,7,132,1924,9.62,1669947349.8711193
1,319,0,4,28,True,134,7,70,1862,9.31,1669947349.8713753
0,320,0,4,26,False,75,0,156,156,0.78,1669947349.9248827
1,320,0,4,28,True,75,0,127,127,0.635,1669947349.9253836
2,320,0,4,26,False,26,0,253,253,1.265,1669947349.9258876
3,320,0,4,28,True,26,0,224,224,1.12,1669947349.9263926
0,321,0,4,26,False,97,7,109,1901,9.505,1669947349.9850152
1,321,0,4,28,True,97,7,50,1842,9.21,1669947349.9850152
0,322,0,4,26,False,214,8,137,2185,10.925,1669947350.0455005
1,322,0,4,28,True,214,7,254,2046,10.23,1669947350.0455005
0,323,0,4,26,False,62,7,52,1844,9.22,1669947350.0902448
1,323,0,4,28,True,62,6,250,1786,8.93,1669947350.090537
0,324,0,4,26,False,79,0,37,37,0.185,1669947350.1417236
1,324,0,4,28,True,79,0,52,52,0.26,1669947350.1417236
0,325,0,4,26,False,189,8,50,2098,10.49,1669947350.2029343
1,325,0,4,28,True,189,7,219,2011,10.055,1669947350.2029343
0,326,0,4,26,False,61,8,88,2136,10.68,1669947350.26578
1,326,0,4,28,True,61,8,1,2049,10.245,1669947350.2659938
0,327,0,4,26,False,188,9,165,2469,12.345,1669947350.3276155
1,327,0,4,28,True,188,9,20,2324,11.62,1669947350.3276155
0,328,0,4,26,False,60,7,144,1936,9.68,1669947350.3997066
1,328,0,4,28,True,60,7,85,1877,9.385,1669947350.3997066
0,329,0,4,26,False,187,6,159,1695,8.475,1669947350.4962888
1,329,0,4,28,True,187,6,105,1641,8.205,1669947350.4967082
0,330,0,4,26,False,251,0,248,248,1.24,1669947350.5471704
1,330,0,4,28,True,251,0,223,223,1.115,1669947350.54813
0,331,0,4,26,False,240,7,249,2041,10.205,1669947350.6079202
1,331,0,4,28,True,239,7,213,2005,10.025,1669947350.6081214
0,332,0,4,26,False,47,8,36,2084,10.42,1669947350.6544058
1,332,0,4,28,True,47,7,204,1996,9.98,1669947350.6544058
0,333,0,4,26,False,166,7,55,1847,9.235,1669947350.7350588
1,333,0,4,28,True,166,7,20,1812,9.06,1669947350.7350588
0,334,0,4,26,False,186,7,189,1981,9.905,1669947350.7978864
1,334,0,4,28,True,186,7,131,1923,9.615,1669947350.7984855
0,335,0,4,26,False,231,1,194,450,2.25,1669947350.842251
1,335,0,4,28,True,231,1,167,423,2.115,1669947350.8432484
0,336,0,4,26,False,126,8,109,2157,10.785,1669947350.9054427
1,336,0,4,28,True,126,8,29,2077,10.385,1669947350.9058986
0,337,0,4,26,False,185,7,24,1816,9.08,1669947350.9489083
1,337,0,4,28,True,185,6,222,1758,8.79,1669947350.9491978
2,337,0,4,26,False,113,0,117,117,0.585,1669947350.9491978
3,337,0,4,28,True,112,0,88,88,0.44,1669947350.9491978
0,338,0,4,26,False,56,8,31,2079,10.395,1669947351.011714
1,338,0,4,28,True,56,7,229,2021,10.105,1669947351.011714
0,339,0,4,26,False,189,1,209,465,2.325,1669947351.0576973
1,339,0,4,28,True,189,1,123,379,1.895,1669947351.058056
0,340,0,4,26,False,184,6,232,1768,8.84,1669947351.1072168
1,340,0,4,28,True,184,6,183,1719,8.595,1669947351.1077232
0,341,0,4,26,False,0,0,237,237,1.185,1669947351.1556573
1,341,0,4,28,True,0,0,225,225,1.125,1669947351.156177
0,342,0,4,26,False,99,7,157,1949,9.745,1669947351.2121797
1,342,0,4,28,True,99,7,90,1882,9.41,1669947351.2121797
0,343,0,4,26,False,134,7,220,2012,10.06,1669947351.2617116
1,343,0,4,28,True,134,7,162,1954,9.77,1669947351.262153
0,344,0,4,26,False,210,9,32,2336,11.68,1669947351.3576677
1,344,0,4,28,True,210,8,172,2220,11.1,1669947351.358545
0,345,0,4,26,False,217,7,132,1924,9.62,1669947351.4179125
1,345,0,4,28,True,217,7,82,1874,9.37,1669947351.4181156
0,346,0,4,26,False,77,0,150,150,0.75,1669947351.4632328
1,346,0,4,28,True,77,0,121,121,0.605,1669947351.4644537
0,347,0,4,26,False,54,6,134,1670,8.35,1669947351.5141995
1,347,0,4,28,True,54,6,105,1641,8.205,1669947351.5147328
0,348,0,4,26,False,126,9,179,2483,12.415,1669947351.5709522
1,348,0,4,28,True,126,9,64,2368,11.84,1669947351.5709522
0,349,0,4,26,False,90,3,180,948,4.74,1669947351.6008084
1,349,0,4,28,True,89,3,94,862,4.31,1669947351.6008084
0,350,0,4,26,False,53,6,114,1650,8.25,1669947351.6480339
1,350,0,4,28,True,53,6,85,1621,8.105,1669947351.6482437
0,351,0,4,26,False,96,1,21,277,1.385,1669947351.6954062
1,351,0,4,28,True,96,0,219,219,1.095,1669947351.6956718
0,352,0,4,26,False,139,7,89,1881,9.405,1669947351.7451713
1,352,0,4,28,True,139,7,32,1824,9.12,1669947351.745771
0,353,0,4,26,False,52,7,194,1986,9.93,1669947351.7934508
1,353,0,4,28,True,52,7,154,1946,9.73,1669947351.7934508
0,354,0,4,26,False,225,1,6,262,1.31,1669947351.8347068
1,354,0,4,28,True,225,0,207,207,1.035,1669947351.834917
0,355,0,4,26,False,179,7,74,1866,9.33,1669947351.883967
1,355,0,4,28,True,179,7,16,1808,9.04,1669947351.885059
0,356,0,4,26,False,51,6,144,1680,8.4,1669947351.9628127
1,356,0,4,28,True,51,6,115,1651,8.255,1669947351.964229
0,357,0,4,26,False,120,1,182,438,2.19,1669947352.00298
1,357,0,4,28,True,120,1,124,380,1.9,1669947352.0041206
0,358,0,4,26,False,178,7,10,1802,9.01,1669947352.0530891
1,358,0,4,28,True,178,6,208,1744,8.72,1669947352.0530891
0,359,0,4,26,False,50,7,176,1968,9.84,1669947352.1023176
1,359,0,4,28,True,50,7,118,1910,9.55,1669947352.103454
0,360,0,4,26,False,239,1,175,431,2.155,1669947352.146615
1,360,0,4,28,True,239,1,118,374,1.87,1669947352.1468637
0,361,0,4,26,False,178,7,215,2007,10.035,1669947352.196763
1,361,0,4,28,True,177,7,127,1919,9.595,1669947352.197832
0,362,0,4,26,False,208,9,149,2453,12.265,1669947352.2544808
1,362,0,4,28,True,208,9,8,2312,11.56,1669947352.2547095
0,363,0,4,26,False,182,1,22,278,1.39,1669947352.3050473
1,363,0,4,28,True,182,0,221,221,1.105,1669947352.3058214
0,364,0,4,26,False,108,7,240,2032,10.16,1669947352.3465571
1,364,0,4,28,True,108,7,173,1965,9.825,1669947352.3467913
0,365,0,4,26,False,239,3,126,894,4.47,1669947352.393562
1,365,0,4,28,True,239,2,244,756,3.78,1669947352.393562
0,366,0,4,26,False,48,6,99,1635,8.175,1669947352.4437559
1,366,0,4,28,True,48,6,70,1606,8.03,1669947352.4437559
0,367,0,4,26,False,253,8,10,2058,10.29,1669947352.5068786
1,367,0,4,28,True,253,7,179,1971,9.855,1669947352.5078838
0,368,0,4,26,False,47,7,196,1988,9.94,1669947352.566086
1,368,0,4,28,True,47,7,110,1902,9.51,1669947352.5670059
0,369,0,4,26,False,175,7,142,1934,9.67,1669947352.6412814
1,369,0,4,28,True,175,7,60,1852,9.26,1669947352.6412814
0,370,0,4,26,False,144,3,105,873,4.365,1669947352.6911886
1,370,0,4,28,True,144,2,249,761,3.805,1669947352.6914835
0,371,0,4,26,False,210,7,151,1943,9.715,1669947352.7481616
1,371,0,4,28,True,210,7,116,1908,9.54,1669947352.7483647
0,372,0,4,26,False,174,6,235,1771,8.855,1669947352.7948704
1,372,0,4,28,True,174,6,219,1755,8.775,1669947352.7950916
0,373,0,4,26,False,46,9,140,2444,12.22,1669947352.877774
1,373,0,4,28,True,45,8,253,2301,11.505,1669947352.877774
0,374,0,4,26,False,167,7,219,2011,10.055,1669947352.9558055
1,374,0,4,28,True,167,7,193,1985,9.925,1669947352.9563417
0,375,0,4,26,False,115,3,12,780,3.9,1669947353.0019379
1,375,0,4,28,True,115,2,154,666,3.33,1669947353.002162
0,376,0,4,26,False,255,8,3,2051,10.255,1669947353.0458465
1,376,0,4,28,True,255,7,169,1961,9.805,1669947353.0461552
0,377,0,4,26,False,30,1,179,435,2.175,1669947353.0954988
1,377,0,4,28,True,30,1,121,377,1.885,1669947353.0963383
0,378,0,4,26,False,172,6,122,1658,8.29,1669947353.1411014
1,378,0,4,28,True,172,6,93,1629,8.145,1669947353.1413975
0,379,0,4,26,False,9,8,127,2175,10.875,1669947353.2031453
1,379,0,4,28,True,9,8,11,2059,10.295,1669947353.2031453
0,380,0,4,26,False,222,9,107,2411,12.055,1669947353.2622519
1,380,0,4,28,True,222,9,4,2308,11.54,1669947353.2636056
0,381,0,4,26,False,213,0,209,209,1.045,1669947353.3049948
1,381,0,4,28,True,213,0,183,183,0.915,1669947353.3049948
0,382,0,4,26,False,214,11,12,2828,14.14,1669947353.3522594
1,382,0,4,28,True,214,10,95,2655,13.275,1669947353.3522594
0,383,0,4,26,False,96,1,157,413,2.065,1669947353.4025555
1,383,0,4,28,True,95,1,134,390,1.95,1669947353.4038503
0,384,0,4,26,False,75,9,36,2340,11.7,1669947353.4501288
1,384,0,4,28,True,75,8,148,2196,10.98,1669947353.451537
0,385,0,4,26,False,42,6,190,1726,8.63,1669947353.5058198
1,385,0,4,28,True,42,6,161,1697,8.485,1669947353.5058198
0,386,0,4,26,False,52,7,239,2031,10.155,1669947353.583054
1,386,0,4,28,True,52,7,151,1943,9.715,1669947353.583054
0,387,0,4,26,False,47,1,87,343,1.715,1669947353.6320958
1,387,0,4,28,True,46,1,29,285,1.425,1669947353.6322656
0,388,0,4,26,False,237,10,12,2572,12.86,1669947353.677498
1,388,0,4,28,True,237,9,112,2416,12.08,1669947353.677498
0,389,0,4,26,False,169,7,21,1813,9.065,1669947353.712224
1,389,0,4,28,True,168,6,219,1755,8.775,1669947353.712224
0,390,0,4,26,False,183,2,2,514,2.57,1669947353.761586
1,390,0,4,28,True,183,1,214,470,2.35,1669947353.7620912
0,391,0,4,26,False,29,7,99,1891,9.455,1669947353.8203878
1,391,0,4,28,True,29,7,41,1833,9.165,1669947353.8207128
0,392,0,4,26,False,151,0,106,106,0.53,1669947353.8663492
1,392,0,4,28,True,151,0,81,81,0.405,1669947353.8666816
0,393,0,4,26,False,200,8,221,2269,11.345,1669947353.912267
1,393,0,4,28,True,42,8,172,2220,11.1,1669947353.912267
0,394,0,4,26,False,39,7,185,1977,9.885,1669947353.9586525
1,394,0,4,28,True,39,7,127,1919,9.595,1669947353.9586525
0,395,0,4,26,False,242,0,237,237,1.185,1669947354.0117583
1,395,0,4,28,True,242,0,227,227,1.135,1669947354.0122442
0,396,0,4,26,False,167,6,90,1626,8.13,1669947354.059387
1,396,0,4,28,True,167,6,61,1597,7.985,1669947354.060394
0,397,0,4,26,False,38,6,98,1634,8.17,1669947354.1365764
1,397,0,4,28,True,38,6,68,1604,8.02,1669947354.1380641
0,398,0,4,26,False,38,9,70,2374,11.87,1669947354.1978626
1,398,0,4,28,True,38,8,201,2249,11.245,1669947354.1980624
0,399,0,4,26,False,187,1,4,260,1.3,1669947354.2416322
1,399,0,4,28,True,187,0,218,218,1.09,1669947354.2426295
0,400,0,4,26,False,61,8,42,2090,10.45,1669947354.2908041
1,400,0,4,28,True,61,7,211,2003,10.015,1669947354.2908041
0,401,0,4,26,False,200,9,223,2527,12.635,1669947354.3506045
1,401,0,4,28,True,200,9,81,2385,11.925,1669947354.3506045
0,402,0,4,26,False,180,2,220,732,3.66,1669947354.37853
1,402,0,4,28,True,180,2,134,646,3.23,1669947354.37853
0,403,0,4,26,False,134,7,115,1907,9.535,1669947354.4276247
1,403,0,4,28,True,134,7,61,1853,9.265,1669947354.427822
0,404,0,4,26,False,163,1,234,490,2.45,1669947354.4595945
1,404,0,4,28,True,163,1,176,432,2.16,1669947354.4598024
0,405,0,4,26,False,164,6,219,1755,8.775,1669947354.5084887
1,405,0,4,28,True,164,6,190,1726,8.63,1669947354.5088573
0,406,0,4,26,False,74,0,237,237,1.185,1669947354.551839
1,406,0,4,28,True,74,0,182,182,0.91,1669947354.5520947
0,407,0,4,26,False,36,7,85,1877,9.385,1669947354.5984342
1,407,0,4,28,True,36,7,28,1820,9.1,1669947354.5986369
0,408,0,4,26,False,163,7,133,1925,9.625,1669947354.648221
1,408,0,4,28,True,163,7,75,1867,9.335,1669947354.6485589
0,409,0,4,26,False,191,1,88,344,1.72,1669947354.6974168
1,409,0,4,28,True,191,1,30,286,1.43,1669947354.697713
0,410,0,4,26,False,35,7,198,1990,9.95,1669947354.7597923
1,410,0,4,28,True,35,7,141,1933,9.665,1669947354.7603219
0,411,0,4,26,False,21,9,31,2335,11.675,1669947354.8189652
1,411,0,4,28,True,21,8,171,2219,11.095,1669947354.8196998
0,412,0,4,26,False,9,9,227,2531,12.655,1669947354.9131134
1,412,0,4,28,True,9,9,111,2415,12.075,1669947354.9131134
0,413,0,4,26,False,161,7,9,1801,9.005,1669947354.9749959
1,413,0,4,28,True,161,6,207,1743,8.715,1669947354.9749959
0,414,0,4,26,False,33,9,251,2555,12.775,1669947355.037124
1,414,0,4,28,True,33,9,107,2411,12.055,1669947355.0376334
0,415,0,4,26,False,4,1,117,373,1.865,1669947355.0992148
1,415,0,4,28,True,4,1,59,315,1.575,1669947355.0997162
0,416,0,4,26,False,160,6,203,1739,8.695,1669947355.1547537
1,416,0,4,28,True,160,6,175,1711,8.555,1669947355.1547537
0,417,0,4,26,False,238,7,191,1983,9.915,1669947355.202115
1,417,0,4,28,True,238,7,105,1897,9.485,1669947355.202115
0,418,0,4,26,False,174,3,249,1017,5.085,1669947355.2510784
1,418,0,4,28,True,174,3,133,901,4.505,1669947355.2512937
0,419,0,4,26,False,234,8,214,2262,11.31,1669947355.2951396
1,419,0,4,28,True,234,8,99,2147,10.735,1669947355.2960057
0,420,0,4,26,False,31,6,245,1781,8.905,1669947355.3476453
1,420,0,4,28,True,31,6,193,1729,8.645,1669947355.3481693
0,421,0,4,26,False,28,4,37,1061,5.305,1669947355.4075725
1,421,0,4,28,True,28,3,165,933,4.665,1669947355.408464
0,422,0,4,26,False,126,6,227,1763,8.815,1669947355.4696622
1,422,0,4,28,True,126,6,175,1711,8.555,1669947355.4696622
0,423,0,4,26,False,30,7,88,1880,9.4,1669947355.5106208
1,423,0,4,28,True,30,7,30,1822,9.11,1669947355.5109947
0,424,0,4,26,False,97,1,2,258,1.29,1669947355.5556278
1,424,0,4,28,True,97,0,229,229,1.145,1669947355.5556278
0,425,0,4,26,False,158,7,20,1812,9.06,1669947355.6043704
1,425,0,4,28,True,158,6,218,1754,8.77,1669947355.6047103
0,426,0,4,26,False,109,2,9,521,2.605,1669947355.655621
1,426,0,4,28,True,109,1,206,462,2.31,1669947355.6557858
0,427,0,4,26,False,252,9,38,2342,11.71,1669947355.716712
1,427,0,4,28,True,252,8,189,2237,11.185,1669947355.716712
0,428,0,4,26,False,157,7,61,1853,9.265,1669947355.7756622
1,428,0,4,28,True,240,7,3,1795,8.975,1669947355.7758803
0,429,0,4,26,False,28,7,130,1922,9.61,1669947355.8056405
1,429,0,4,28,True,28,7,73,1865,9.325,1669947355.805749
0,430,0,4,26,False,226,0,51,51,0.255,1669947355.8562503
1,430,0,4,28,True,226,0,60,60,0.3,1669947355.8562503
0,431,0,4,26,False,156,8,209,2257,11.285,1669947355.905626
1,431,0,4,28,True,156,8,121,2169,10.845,1669947355.9060664
0,432,0,4,26,False,6,7,70,1862,9.31,1669947355.9756148
1,432,0,4,28,True,5,7,12,1804,9.02,1669947355.975768
0,433,0,4,26,False,155,7,129,1921,9.605,1669947356.0554779
1,433,0,4,28,True,155,7,70,1862,9.31,1669947356.0554779
0,434,0,4,26,False,76,2,121,633,3.165,1669947356.1009643
1,434,0,4,28,True,75,2,8,520,2.6,1669947356.101245
0,435,0,4,26,False,27,8,203,2251,11.255,1669947356.150631
1,435,0,4,28,True,27,8,89,2137,10.685,1669947356.1515834
0,436,0,4,26,False,137,0,141,141,0.705,1669947356.19175
1,436,0,4,28,True,137,0,112,112,0.56,1669947356.19175
0,437,0,4,26,False,146,7,186,1978,9.89,1669947356.2430005
1,437,0,4,28,True,193,7,172,1964,9.82,1669947356.2430005
0,438,0,4,26,False,62,7,139,1931,9.655,1669947356.305022
1,438,0,4,28,True,62,7,81,1873,9.365,1669947356.305022
0,439,0,4,26,False,153,7,141,1933,9.665,1669947356.3677013
1,439,0,4,28,True,153,7,92,1884,9.42,1669947356.3683064
0,440,0,4,26,False,181,0,117,117,0.585,1669947356.4150183
1,440,0,4,28,True,181,0,89,89,0.445,1669947356.4150183
0,441,0,4,26,False,44,8,51,2099,10.495,1669947356.4728765
1,441,0,4,28,True,63,7,217,2009,10.045,1669947356.4728765
0,442,0,4,26,False,153,7,204,1996,9.98,1669947356.5174723
1,442,0,4,28,True,153,7,146,1938,9.69,1669947356.5177314
0,443,0,4,26,False,17,0,178,178,0.89,1669947356.565744
1,443,0,4,28,True,17,0,149,149,0.745,1669947356.5660613
0,444,0,4,26,False,68,7,62,1854,9.27,1669947356.6119816
1,444,0,4,28,True,68,7,4,1796,8.98,1669947356.6119816
0,445,0,4,26,False,116,3,33,801,4.005,1669947356.6570053
1,445,0,4,28,True,116,2,173,685,3.425,1669947356.6572978
0,446,0,4,26,False,201,7,76,1868,9.34,1669947356.7043896
1,446,0,4,28,True,201,7,18,1810,9.05,1669947356.7043896
0,447,0,4,26,False,23,7,84,1876,9.38,1669947356.7350278
1,447,0,4,28,True,23,7,26,1818,9.09,1669947356.7350278
0,448,0,4,26,False,134,2,6,518,2.59,1669947356.7814462
1,448,0,4,28,True,134,1,184,440,2.2,1669947356.7814462
0,449,0,4,26,False,58,10,254,2814,14.07,1669947356.8290305
1,449,0,4,28,True,58,10,82,2642,13.21,1669947356.8292737
0,450,0,4,26,False,149,0,186,186,0.93,1669947356.8744898
1,450,0,4,28,True,149,0,174,174,0.87,1669947356.8747766
0,451,0,4,26,False,45,7,171,1963,9.815,1669947356.9246812
1,451,0,4,28,True,45,7,113,1905,9.525,1669947356.9250486
0,452,0,4,26,False,230,9,71,2375,11.875,1669947356.9734795
1,452,0,4,28,True,230,8,211,2259,11.295,1669947356.9743147
0,453,0,4,26,False,101,1,56,312,1.56,1669947357.0149808
1,453,0,4,28,True,101,0,254,254,1.27,1669947357.0152183
0,454,0,4,26,False,21,6,242,1778,8.89,1669947357.0670617
1,454,0,4,28,True,21,6,185,1721,8.605,1669947357.0670617
0,455,0,4,26,False,149,7,12,1804,9.02,1669947357.1287167
1,455,0,4,28,True,149,6,211,1747,8.735,1669947357.1297202
0,456,0,4,26,False,210,5,255,1535,7.675,1669947357.1869829
1,456,0,4,28,True,210,5,109,1389,6.945,1669947357.1882913
0,457,0,4,26,False,75,6,217,1753,8.765,1669947357.2341006
1,457,0,4,28,True,75,6,159,1695,8.475,1669947357.2341006
0,458,0,4,26,False,148,6,130,1666,8.33,1669947357.2998803
1,458,0,4,28,True,148,6,101,1637,8.185,1669947357.3001013
0,459,0,4,26,False,142,0,130,130,0.65,1669947357.3442223
1,459,0,4,28,True,142,0,101,101,0.505,1669947357.345219
0,460,0,4,26,False,76,8,255,2303,11.515,1669947357.3903837
1,460,0,4,28,True,76,8,110,2158,10.79,1669947357.3903837
0,461,0,4,26,False,4,8,56,2104,10.52,1669947357.4571693
1,461,0,4,28,True,4,7,226,2018,10.09,1669947357.458281
0,462,0,4,26,False,26,1,139,395,1.975,1669947357.499183
1,462,0,4,28,True,25,1,81,337,1.685,1669947357.499458
0,463,0,4,26,False,181,7,18,1810,9.05,1669947357.54576
1,463,0,4,28,True,181,6,223,1759,8.795,1669947357.546777
0,464,0,4,26,False,146,8,78,2126,10.63,1669947357.5926604
1,464,0,4,28,True,146,8,21,2069,10.345,1669947357.5936582
0,465,0,4,26,False,205,1,240,496,2.48,1669947357.6434164
1,465,0,4,28,True,205,1,183,439,2.195,1669947357.6434164
0,466,0,4,26,False,18,9,10,2314,11.57,1669947357.6840236
1,466,0,4,28,True,18,8,151,2199,10.995,1669947357.6842854
0,467,0,4,26,False,206,1,76,332,1.66,1669947357.733919
1,467,0,4,28,True,206,1,45,301,1.505,1669947357.7347016
0,468,0,4,26,False,79,7,208,2000,10.0,1669947357.7811291
1,468,0,4,28,True,145,7,137,1929,9.645,1669947357.781636
0,469,0,4,26,False,117,7,254,2046,10.23,1669947357.827104
1,469,0,4,28,True,116,7,167,1959,9.795,1669947357.8275366
0,470,0,4,26,False,44,2,61,573,2.865,1669947357.8750627
1,470,0,4,28,True,44,1,219,475,2.375,1669947357.8750627
0,471,0,4,26,False,144,6,94,1630,8.15,1669947357.9375243
1,471,0,4,28,True,144,6,66,1602,8.01,1669947357.9375243
0,472,0,4,26,False,16,8,61,2109,10.545,1669947357.9815996
1,472,0,4,28,True,16,7,250,2042,10.21,1669947357.9816952
0,473,0,4,26,False,168,2,7,519,2.595,1669947358.0308917
1,473,0,4,28,True,167,1,180,436,2.18,1669947358.0308917
0,474,0,4,26,False,120,7,220,2012,10.06,1669947358.0930243
1,474,0,4,28,True,120,7,163,1955,9.775,1669947358.0930243
0,475,0,4,26,False,55,11,143,2959,14.795,1669947358.1575248
1,475,0,4,28,True,55,10,197,2757,13.785,1669947358.1580627
0,476,0,4,26,False,3,9,129,2433,12.165,1669947358.2189229
1,476,0,4,28,True,3,9,14,2318,11.59,1669947358.2189229
0,477,0,4,26,False,197,2,241,753,3.765,1669947358.2608118
1,477,0,4,28,True,197,2,167,679,3.395,1669947358.2610328
0,478,0,4,26,False,14,8,119,2167,10.835,1669947358.3109326
1,478,0,4,28,True,14,8,24,2072,10.36,1669947358.3109326
0,479,0,4,26,False,134,0,193,193,0.965,1669947358.3354614
1,479,0,4,28,True,134,0,162,162,0.81,1669947358.3356693
0,480,0,4,26,False,146,8,67,2115,10.575,1669947358.3848825
1,480,0,4,28,True,146,7,227,2019,10.095,1669947358.3851385
0,481,0,4,26,False,149,0,78,78,0.39,1669947358.4350088
1,481,0,4,28,True,149,0,69,69,0.345,1669947358.435514
0,482,0,4,61,False,4,12,138,3210,16.05,1669947358.4821272
1,482,1,0,5,True,4,10,138,2698,13.49,1669947358.4822505
2,482,1,0,54,True,61,13,61,3389,16.945,1669947358.4822505
0,483,0,4,26,False,140,11,4,2820,14.1,1669947358.5248337
1,483,0,4,28,True,140,10,64,2624,13.12,1669947358.525121
0,484,0,4,26,False,144,1,147,403,2.015,1669947358.5698519
1,484,0,4,28,True,144,1,88,344,1.72,1669947358.5698519
0,485,0,4,26,False,46,8,9,2057,10.285,1669947358.619196
1,485,0,4,28,True,46,7,207,1999,9.995,1669947358.61948
0,486,0,4,26,False,154,1,40,296,1.48,1669947358.6690176
1,486,0,4,28,True,154,0,242,242,1.21,1669947358.6695197
0,487,0,4,26,False,131,7,249,2041,10.205,1669947358.7173178
1,487,0,4,28,True,131,7,163,1955,9.775,1669947358.7176132
0,488,0,4,26,False,12,7,62,1854,9.27,1669947358.7769806
1,488,0,4,28,True,12,6,248,1784,8.92,1669947358.7779782
0,489,0,4,26,False,132,5,18,1298,6.49,1669947358.8220704
1,489,0,4,28,True,132,4,127,1151,5.755,1669947358.8220704
0,490,0,4,26,False,142,8,35,2083,10.415,1669947358.868654
1,490,0,4,28,True,142,7,233,2025,10.125,1669947358.8688934
0,491,0,4,26,False,10,7,60,1852,9.26,1669947358.9188802
1,491,0,4,28,True,10,7,0,1792,8.96,1669947358.9196663
0,492,0,4,26,False,127,0,202,202,1.01,1669947358.9765081
1,492,0,4,28,True,127,0,173,173,0.865,1669947358.976761
0,493,0,4,26,False,138,6,198,1734,8.67,1669947359.0270908
1,493,0,4,28,True,138,6,169,1705,8.525,1669947359.0270908
0,494,0,4,26,False,10,7,31,1823,9.115,1669947359.0710049
1,494,0,4,28,True,9,6,230,1766,8.83,1669947359.0712612
0,495,0,4,26,False,126,2,124,636,3.18,1669947359.1159987
1,495,0,4,28,True,126,2,9,521,2.605,1669947359.1162112
0,496,0,4,26,False,11,7,251,2043,10.215,1669947359.1670496
1,496,0,4,28,True,11,7,165,1957,9.785,1669947359.1674583
0,497,0,4,26,False,9,6,182,1718,8.59,1669947359.2139375
1,497,0,4,28,True,9,6,183,1719,8.595,1669947359.2146652
0,498,0,4,26,False,36,0,106,106,0.53,1669947359.2561438
1,498,0,4,28,True,36,0,80,80,0.4,1669947359.2563725
0,499,0,4,26,False,136,8,8,2056,10.28,1669947359.3042421
1,499,0,4,28,True,136,7,177,1969,9.845,1669947359.3052409
0,500,0,4,26,False,10,0,206,206,1.03,1669947359.3552067
1,500,0,4,28,True,10,0,176,176,0.88,1669947359.3560948
0,501,0,4,26,False,26,7,22,1814,9.07,1669947359.4148674
1,501,0,4,28,True,26,6,247,1783,8.915,1669947359.4158719
0,502,0,4,26,False,119,8,169,2217,11.085,1669947359.462741
1,502,0,4,28,True,119,8,82,2130,10.65,1669947359.462741
0,503,0,4,26,False,7,6,175,1711,8.555,1669947359.538402
1,503,0,4,28,True,7,6,117,1653,8.265,1669947359.538715
0,504,0,4,26,False,242,2,5,517,2.585,1669947359.5819616
1,504,0,4,28,True,242,1,176,432,2.16,1669947359.5819616
0,505,0,4,26,False,171,7,230,2022,10.11,1669947359.6356876
1,505,0,4,28,True,171,7,168,1960,9.8,1669947359.6356876
0,506,0,4,26,False,6,9,213,2517,12.585,1669947359.6950808
1,506,0,4,28,True,6,9,99,2403,12.015,1669947359.695542
0,507,0,4,26,False,221,9,202,2506,12.53,1669947359.7702606
1,507,0,4,28,True,221,9,51,2355,11.775,1669947359.7704885
0,508,0,4,26,False,5,7,195,1987,9.935,1669947359.8182416
1,508,0,4,28,True,5,7,107,1899,9.495,1669947359.81845
0,509,0,4,26,False,133,6,253,1789,8.945,1669947359.908865
1,509,0,4,28,True,132,6,219,1755,8.775,1669947359.908865
0,510,0,4,26,False,105,0,181,181,0.905,1669947359.955381
1,510,0,4,28,True,105,0,151,151,0.755,1669947359.955381
0,511,0,4,26,False,33,8,77,2125,10.625,1669947360.008978
1,511,0,4,28,True,33,7,247,2039,10.195,1669947360.008978
0,512,0,4,26,False,252,1,87,343,1.715,1669947360.047931
1,512,0,4,28,True,252,1,58,314,1.57,1669947360.048139
0,513,0,4,26,False,132,6,181,1717,8.585,1669947360.0969331
1,513,0,4,28,True,132,6,152,1688,8.44,1669947360.0971985
0,514,0,4,26,False,3,7,43,1835,9.175,1669947360.1491444
1,514,0,4,28,True,3,6,244,1780,8.9,1669947360.1496437
0,515,0,4,26,False,131,9,129,2433,12.165,1669947360.2268155
1,515,0,4,28,True,131,9,15,2319,11.595,1669947360.2276096
0,516,0,4,26,False,98,0,142,142,0.71,1669947360.2685792
1,516,0,4,28,True,98,0,114,114,0.57,1669947360.2687092
0,517,0,4,26,False,92,7,16,1808,9.04,1669947360.3139694
1,517,0,4,28,True,92,6,214,1750,8.75,1669947360.3139694
0,518,0,4,26,False,179,3,153,921,4.605,1669947360.3658485
1,518,0,4,28,True,179,3,37,805,4.025,1669947360.3660684
0,519,0,4,26,False,44,7,221,2013,10.065,1669947360.4094255
1,519,0,4,28,True,44,7,164,1956,9.78,1669947360.4098098
0,520,0,4,26,False,8,7,141,1933,9.665,1669947360.4747324
1,520,0,4,28,True,8,7,83,1875,9.375,1669947360.4747324
0,521,0,4,26,False,179,8,66,2114,10.57,1669947360.537357
1,521,0,4,28,True,178,7,221,2013,10.065,1669947360.537357
0,522,0,4,26,False,150,1,232,488,2.44,1669947360.5812335
1,522,0,4,28,True,51,1,155,411,2.055,1669947360.5815065
0,523,0,4,26,False,30,8,167,2215,11.075,1669947360.62566
1,523,0,4,28,True,30,8,80,2128,10.64,1669947360.62566
0,524,0,4,26,False,44,7,182,1974,9.87,1669947360.7026916
1,524,0,4,28,True,44,7,97,1889,9.445,1669947360.7036445
0,525,0,4,26,False,66,2,16,528,2.64,1669947360.7359107
1,525,0,4,28,True,66,1,186,442,2.21,1669947360.7361403
0,526,0,4,26,False,148,8,105,2153,10.765,1669947360.7858706
1,526,0,4,28,True,148,7,243,2035,10.175,1669947360.786084
0,527,0,4,26,False,46,1,176,432,2.16,1669947360.8316526
1,527,0,4,28,True,46,1,118,374,1.87,1669947360.832183
0,528,0,4,26,False,17,8,50,2098,10.49,1669947360.8814073
1,528,0,4,28,True,17,7,218,2010,10.05,1669947360.8819332
0,529,0,4,26,False,87,7,251,2043,10.215,1669947360.9429622
1,529,0,4,28,True,86,7,136,1928,9.64,1669947360.9429622
0,530,0,4,26,False,126,9,15,2319,11.595,1669947360.9843974
1,530,0,4,28,True,126,8,185,2233,11.165,1669947360.9846253
0,531,0,4,26,False,111,9,48,2352,11.76,1669947361.0960302
1,531,0,4,28,True,111,8,189,2237,11.185,1669947361.0965772
0,532,0,4,26,False,92,1,130,386,1.93,1669947361.1424356
1,532,0,4,28,True,92,1,72,328,1.64,1669947361.1434278
0,533,0,4,26,False,108,7,81,1873,9.365,1669947361.1694007
1,533,0,4,28,True,108,7,22,1814,9.07,1669947361.1704009
2,533,0,4,26,False,122,1,31,287,1.435,1669947361.1704009
3,533,0,4,28,True,122,1,2,258,1.29,1669947361.1704009
0,534,0,4,26,False,154,7,255,2047,10.235,1669947361.2339437
1,534,0,4,28,True,154,7,167,1959,9.795,1669947361.2348142
0,535,0,4,26,False,152,0,177,177,0.885,1669947361.282193
1,535,0,4,28,True,152,0,178,178,0.89,1669947361.282193
0,536,0,4,26,False,124,6,149,1685,8.425,1669947361.3309445
1,536,0,4,28,True,124,6,120,1656,8.28,1669947361.3314486
0,537,0,4,26,False,34,9,40,2344,11.72,1669947361.392709
1,537,0,4,28,True,34,8,154,2202,11.01,1669947361.392709
0,538,0,4,26,False,81,3,29,797,3.985,1669947361.4550383
1,538,0,4,28,True,81,2,212,724,3.62,1669947361.4555461
0,539,0,4,26,False,144,8,190,2238,11.19,1669947361.5169501
1,539,0,4,28,True,144,8,106,2154,10.77,1669947361.5174575
0,540,0,4,26,False,105,7,49,1841,9.205,1669947361.559906
1,540,0,4,28,True,105,6,247,1783,8.915,1669947361.5601861
0,541,0,4,26,False,123,7,110,1902,9.51,1669947361.6410098
1,541,0,4,28,True,123,7,73,1865,9.325,1669947361.6415157
0,542,0,4,26,False,250,7,88,1880,9.4,1669947361.7032003
1,542,0,4,28,True,250,7,31,1823,9.115,1669947361.704266
0,543,0,4,26,False,236,1,52,308,1.54,1669947361.7477126
1,543,0,4,28,True,236,0,251,251,1.255,1669947361.7477126
0,544,0,4,26,False,151,8,15,2063,10.315,1669947361.796686
1,544,0,4,28,True,151,7,187,1979,9.895,1669947361.7976902
0,545,0,4,26,False,249,6,251,1787,8.935,1669947361.8556113
1,545,0,4,28,True,249,6,194,1730,8.65,1669947361.8556113
0,546,0,4,26,False,205,1,138,394,1.97,1669947361.9020529
1,546,0,4,28,True,205,1,80,336,1.68,1669947361.9022725
0,547,0,4,26,False,121,8,45,2093,10.465,1669947361.9549487
1,547,0,4,28,True,121,7,242,2034,10.17,1669947361.95545
0,548,0,4,26,False,26,10,121,2681,13.405,1669947362.0169227
1,548,0,4,28,True,26,9,203,2507,12.535,1669947362.0169227
0,549,0,4,26,False,120,6,155,1691,8.455,1669947362.1103077
1,549,0,4,28,True,246,6,151,1687,8.435,1669947362.1113129
0,550,0,4,26,False,247,8,169,2217,11.085,1669947362.1587043
1,550,0,4,28,True,247,8,53,2101,10.505,1669947362.159462
0,551,0,4,26,False,109,2,231,743,3.715,1669947362.2189765
1,551,0,4,28,True,109,2,117,629,3.145,1669947362.2189765
0,552,0,4,26,False,119,6,61,1597,7.985,1669947362.2621472
1,552,0,4,28,True,119,6,32,1568,7.84,1669947362.2621472
0,553,0,4,26,False,160,8,77,2125,10.625,1669947362.3083234
1,553,0,4,28,True,160,7,217,2009,10.045,1669947362.3085697
0,554,0,4,26,False,228,1,118,374,1.87,1669947362.358687
1,554,0,4,28,True,228,1,60,316,1.58,1669947362.3591278
0,555,0,4,26,False,118,7,112,1904,9.52,1669947362.4071712
1,555,0,4,28,True,118,7,55,1847,9.235,1669947362.4081435
0,556,0,4,26,False,131,0,193,193,0.965,1669947362.4507406
1,556,0,4,28,True,130,0,182,182,0.91,1669947362.4509919
0,557,0,4,26,False,190,9,29,2333,11.665,1669947362.500604
1,557,0,4,28,True,190,8,170,2218,11.09,1669947362.5015607
0,558,0,4,26,False,117,6,197,1733,8.665,1669947362.5595741
1,558,0,4,28,True,117,6,169,1705,8.525,1669947362.5595741
0,559,0,4,26,False,164,1,173,429,2.145,1669947362.6076477
1,559,0,4,28,True,164,1,115,371,1.855,1669947362.6079934
0,560,0,4,26,False,56,8,15,2063,10.315,1669947362.6520994
1,560,0,4,28,True,56,7,170,1962,9.81,1669947362.6531036
0,561,0,4,26,False,33,8,166,2214,11.07,1669947362.7050314
1,561,0,4,28,True,32,8,93,2141,10.705,1669947362.7060354
0,562,0,4,26,False,173,2,33,545,2.725,1669947362.7662187
1,562,0,4,28,True,173,1,205,461,2.305,1669947362.7672255
0,563,0,4,26,False,98,9,28,2332,11.66,1669947362.8145187
1,563,0,4,28,True,98,8,178,2226,11.13,1669947362.8145187
0,564,0,4,26,False,209,9,193,2497,12.485,1669947362.8538218
1,564,0,4,28,True,209,9,77,2381,11.905,1669947362.8541415
0,565,0,4,28,True,209,0,24,24,0.12,1669947362.9015856
0,566,0,4,26,False,244,9,203,2507,12.535,1669947362.9510474
1,566,0,4,28,True,244,9,91,2395,11.975,1669947362.951442
0,567,0,4,26,False,86,7,11,1803,9.015,1669947363.0306234
1,567,0,4,28,True,85,6,208,1744,8.72,1669947363.0315852
0,568,0,4,26,False,242,6,214,1750,8.75,1669947363.1065211
1,568,0,4,28,True,200,6,197,1733,8.665,1669947363.106776
0,569,0,4,26,False,95,2,130,642,3.21,1669947363.1550877
1,569,0,4,28,True,95,2,44,556,2.78,1669947363.1552975
0,570,0,4,26,False,99,8,140,2188,10.94,1669947363.198695
1,570,0,4,28,True,98,8,54,2102,10.51,1669947363.198695
