NEvent,ChipId,Payload,Locatn,Row/Col,tStamp,MSB,LSB,ToT,ToT(us)
0,0, 4, 0,Row,29, 4,105 , 1129 , 11.29 
0,0, 4, 0,Col,29, 0,212 , 212 , 2.12 
0,0, 4, 0,Row,245, 13,155 , 3483 , 34.83 
0,0, 4, 0,Col,245, 10,120 , 2680 , 26.8 
1,0, 4, 0,Row,114, 10,238 , 2798 , 27.98 
1,0, 4, 0,Col,114, 10,109 , 2669 , 26.69 
2,0, 4, 0,Row,111, 7,125 , 1917 , 19.17 
2,0, 4, 0,Col,111, 7,9 , 1801 , 18.01 
3,0, 4, 0,Row,236, 9,1 , 2305 , 23.05 
3,0, 4, 0,Col,236, 8,116 , 2164 , 21.64 
4,0, 4, 0,Row,233, 8,203 , 2251 , 22.51 
4,0, 4, 0,Col,233, 8,85 , 2133 , 21.33 
5,0, 4, 0,Row,231, 7,20 , 1812 , 18.12 
5,0, 4, 0,Col,231, 6,161 , 1697 , 16.97 
6,0, 4, 0,Row,228, 5,204 , 1484 , 14.84 
6,0, 4, 0,Col,228, 5,83 , 1363 , 13.63 
7,0, 4, 0,Row,225, 8,217 , 2265 , 22.65 
7,0, 4, 0,Col,225, 8,98 , 2146 , 21.46 
8,0, 4, 0,Row,223, 5,147 , 1427 , 14.27 
8,0, 4, 0,Col,223, 5,48 , 1328 , 13.28 
9,0, 4, 0,Row,220, 7,82 , 1874 , 18.74 
9,0, 4, 0,Col,220, 6,227 , 1763 , 17.63 
10,0, 4, 0,Row,217, 4,143 , 1167 , 11.67 
10,0, 4, 0,Col,217, 4,22 , 1046 , 10.46 
11,0, 4, 0,Row,214, 5,181 , 1461 , 14.61 
11,0, 4, 0,Col,214, 5,56 , 1336 , 13.36 
12,0, 4, 0,Row,212, 5,19 , 1299 , 12.99 
12,0, 4, 0,Col,212, 4,170 , 1194 , 11.94 
13,0, 4, 0,Row,209, 3,20 , 788 , 7.88 
13,0, 4, 0,Col,209, 2,163 , 675 , 6.75 
14,0, 4, 0,Row,206, 6,169 , 1705 , 17.05 
14,0, 4, 0,Col,206, 6,72 , 1608 , 16.08 
15,0, 4, 0,Row,204, 8,198 , 2246 , 22.46 
15,0, 4, 0,Col,204, 8,89 , 2137 , 21.37 
16,0, 4, 0,Row,201, 7,168 , 1960 , 19.6 
16,0, 4, 0,Col,201, 7,52 , 1844 , 18.44 
17,0, 4, 0,Row,198, 5,14 , 1294 , 12.94 
17,0, 4, 0,Col,198, 4,165 , 1189 , 11.89 
18,0, 4, 0,Row,196, 4,132 , 1156 , 11.56 
18,0, 4, 0,Col,196, 4,34 , 1058 , 10.58 
19,0, 4, 0,Row,193, 4,220 , 1244 , 12.44 
19,0, 4, 0,Col,193, 4,104 , 1128 , 11.28 
20,0, 4, 0,Row,62, 7,68 , 1860 , 18.6 
20,0, 4, 0,Col,62, 6,187 , 1723 , 17.23 
21,0, 4, 0,Row,59, 7,59 , 1851 , 18.51 
21,0, 4, 0,Col,59, 6,185 , 1721 , 17.21 
22,0, 4, 0,Row,56, 5,184 , 1464 , 14.64 
22,0, 4, 0,Col,56, 5,69 , 1349 , 13.49 
23,0, 4, 0,Row,54, 9,190 , 2494 , 24.94 
23,0, 4, 0,Col,54, 9,80 , 2384 , 23.84 
24,0, 4, 0,Row,51, 8,176 , 2224 , 22.24 
24,0, 4, 0,Col,51, 8,48 , 2096 , 20.96 
25,0, 4, 0,Row,48, 5,13 , 1293 , 12.93 
25,0, 4, 0,Col,48, 4,165 , 1189 , 11.89 
26,0, 4, 0,Row,45, 4,103 , 1127 , 11.27 
26,0, 4, 0,Col,46, 3,236 , 1004 , 10.04 
27,0, 4, 0,Row,43, 2,196 , 708 , 7.08 
27,0, 4, 0,Col,43, 2,90 , 602 , 6.02 
28,0, 4, 0,Row,40, 4,76 , 1100 , 11.0 
28,0, 4, 0,Col,40, 3,219 , 987 , 9.87 
29,0, 4, 0,Row,37, 5,249 , 1529 , 15.29 
29,0, 4, 0,Col,37, 5,139 , 1419 , 14.19 
30,0, 4, 0,Row,35, 7,184 , 1976 , 19.76 
30,0, 4, 0,Col,35, 7,70 , 1862 , 18.62 
31,0, 4, 0,Row,32, 8,79 , 2127 , 21.27 
31,0, 4, 0,Col,32, 7,218 , 2010 , 20.1 
32,0, 4, 0,Row,29, 7,150 , 1942 , 19.42 
32,0, 4, 0,Col,29, 7,35 , 1827 , 18.27 
33,0, 4, 0,Row,154, 5,130 , 1410 , 14.1 
33,0, 4, 0,Col,154, 4,243 , 1267 , 12.67 
34,0, 4, 0,Row,151, 6,36 , 1572 , 15.72 
34,0, 4, 0,Col,151, 5,155 , 1435 , 14.35 
35,0, 4, 0,Row,149, 3,186 , 954 , 9.54 
35,0, 4, 0,Col,149, 3,75 , 843 , 8.43 
36,0, 4, 0,Row,146, 4,33 , 1057 , 10.57 
36,0, 4, 0,Col,146, 3,157 , 925 , 9.25 
37,0, 4, 0,Row,15, 7,4 , 1796 , 17.96 
37,0, 4, 0,Col,15, 6,131 , 1667 , 16.67 
38,0, 4, 0,Row,12, 8,209 , 2257 , 22.57 
38,0, 4, 0,Col,12, 8,78 , 2126 , 21.26 
39,0, 4, 0,Row,9, 6,254 , 1790 , 17.9 
39,0, 4, 0,Col,10, 6,146 , 1682 , 16.82 
40,0, 4, 0,Row,7, 5,93 , 1373 , 13.73 
40,0, 4, 0,Col,7, 4,244 , 1268 , 12.68 
41,0, 4, 0,Row,4, 5,30 , 1310 , 13.1 
41,0, 4, 0,Col,4, 4,165 , 1189 , 11.89 
42,0, 4, 0,Row,1, 4,220 , 1244 , 12.44 
42,0, 4, 0,Col,1, 4,109 , 1133 , 11.33 
43,0, 4, 0,Row,255, 6,44 , 1580 , 15.8 
43,0, 4, 0,Col,255, 5,193 , 1473 , 14.73 
44,0, 4, 0,Row,252, 6,74 , 1610 , 16.1 
44,0, 4, 0,Col,252, 5,223 , 1503 , 15.03 
45,0, 4, 0,Row,249, 7,71 , 1863 , 18.63 
45,0, 4, 0,Col,249, 6,203 , 1739 , 17.39 
46,0, 4, 0,Row,247, 6,140 , 1676 , 16.76 
46,0, 4, 0,Col,247, 6,28 , 1564 , 15.64 
47,0, 4, 0,Row,244, 2,218 , 730 , 7.3 
47,0, 4, 0,Col,244, 2,94 , 606 , 6.06 
48,0, 4, 0,Row,241, 6,34 , 1570 , 15.7 
48,0, 4, 0,Col,241, 5,184 , 1464 , 14.64 
49,0, 4, 0,Row,113, 15,228 , 4068 , 40.68 
49,0, 4, 0,Row,110, 7,85 , 1877 , 18.77 
49,0, 4, 0,Col,110, 6,213 , 1749 , 17.49 
50,0, 4, 0,Row,107, 7,53 , 1845 , 18.45 
50,0, 4, 0,Col,107, 6,194 , 1730 , 17.3 
51,0, 4, 0,Row,105, 9,181 , 2485 , 24.85 
51,0, 4, 0,Col,105, 9,52 , 2356 , 23.56 
52,0, 4, 0,Row,102, 6,158 , 1694 , 16.94 
52,0, 4, 0,Col,102, 6,52 , 1588 , 15.88 
53,0, 4, 0,Row,99, 5,232 , 1512 , 15.12 
53,0, 4, 0,Col,99, 5,113 , 1393 , 13.93 
54,0, 4, 0,Row,97, 6,36 , 1572 , 15.72 
54,0, 4, 0,Col,97, 5,157 , 1437 , 14.37 
55,0, 4, 0,Row,94, 5,189 , 1469 , 14.69 
55,0, 4, 0,Col,94, 5,64 , 1344 , 13.44 
56,0, 4, 0,Row,91, 7,130 , 1922 , 19.22 
56,0, 4, 0,Col,91, 7,31 , 1823 , 18.23 
57,0, 4, 0,Row,88, 5,160 , 1440 , 14.4 
57,0, 4, 0,Col,88, 5,43 , 1323 , 13.23 
58,0, 4, 0,Row,213, 7,231 , 2023 , 20.23 
58,0, 4, 0,Col,213, 7,94 , 1886 , 18.86 
59,0, 4, 0,Row,211, 5,101 , 1381 , 13.81 
59,0, 4, 0,Col,211, 4,243 , 1267 , 12.67 
60,0, 4, 0,Row,80, 5,18 , 1298 , 12.98 
60,0, 4, 0,Col,80, 4,186 , 1210 , 12.1 
61,0, 4, 0,Row,78, 4,197 , 1221 , 12.21 
61,0, 4, 0,Col,78, 4,65 , 1089 , 10.89 
62,0, 4, 0,Row,75, 6,164 , 1700 , 17.0 
62,0, 4, 0,Col,75, 6,55 , 1591 , 15.91 
63,0, 4, 0,Row,72, 4,66 , 1090 , 10.9 
63,0, 4, 0,Col,72, 3,203 , 971 , 9.71 
64,0, 4, 0,Row,197, 8,107 , 2155 , 21.55 
64,0, 4, 0,Col,197, 7,207 , 1999 , 19.99 
65,0, 4, 0,Row,194, 9,10 , 2314 , 23.14 
65,0, 4, 0,Col,194, 8,156 , 2204 , 22.04 
66,0, 4, 0,Row,64, 5,24 , 1304 , 13.04 
66,0, 4, 0,Col,64, 4,171 , 1195 , 11.95 
67,0, 4, 0,Row,61, 5,56 , 1336 , 13.36 
67,0, [0;31;40m5[0m, 56,Row,4, 0,61 , 61 , 0.61 
67,0, 4, 5,Col,61, 13,61 , 3389 , 33.89 
68,0, 4, 0,Row,59, 4,149 , 1173 , 11.73 
68,0, 4, 0,Col,59, 4,24 , 1048 , 10.48 
69,0, 4, 0,Row,184, 10,30 , 2590 , 25.9 
69,0, 4, 0,Col,184, 9,160 , 2464 , 24.64 
70,0, 4, 0,Row,181, 8,57 , 2105 , 21.05 
70,0, 4, 0,Col,181, 7,171 , 1963 , 19.63 
71,0, 4, 0,Row,50, 7,173 , 1965 , 19.65 
71,0, 4, 0,Col,50, 7,49 , 1841 , 18.41 
72,0, 4, 0,Row,47, 8,103 , 2151 , 21.51 
72,0, 4, 0,Col,47, 7,223 , 2015 , 20.15 
73,0, 4, 0,Row,44, 8,38 , 2086 , 20.86 
73,0, 4, 0,Col,44, 7,165 , 1957 , 19.57 
74,0, 4, 0,Row,42, 5,197 , 1477 , 14.77 
74,0, 4, 0,Col,42, 5,91 , 1371 , 13.71 
75,0, 4, 0,Row,39, 12,166 , 3238 , 32.38 
75,0, 4, 0,Col,39, 12,36 , 3108 , 31.08 
76,0, 4, 0,Row,36, 5,0 , 1280 , 12.8 
76,0, 4, 0,Col,36, 4,145 , 1169 , 11.69 
77,0, 4, 0,Row,34, 7,43 , 1835 , 18.35 
77,0, 4, 0,Col,34, 6,193 , 1729 , 17.29 
78,0, 4, 0,Row,31, 6,3 , 1539 , 15.39 
78,0, 4, 0,Col,31, 5,132 , 1412 , 14.12 
79,0, 4, 0,Row,28, 7,62 , 1854 , 18.54 
79,0, 4, 0,Col,28, 6,211 , 1747 , 17.47 
80,0, 4, 0,Row,25, 4,119 , 1143 , 11.43 
80,0, 4, 0,Col,25, 4,13 , 1037 , 10.37 
81,0, 4, 0,Row,23, 6,208 , 1744 , 17.44 
81,0, 4, 0,Col,23, 6,100 , 1636 , 16.36 
82,0, 4, 0,Row,20, 8,202 , 2250 , 22.5 
82,0, 4, 0,Col,20, 8,84 , 2132 , 21.32 
83,0, 4, 0,Row,17, 6,162 , 1698 , 16.98 
83,0, 4, 0,Col,17, 6,48 , 1584 , 15.84 
84,0, 4, 0,Row,143, 5,21 , 1301 , 13.01 
84,0, 4, 0,Col,143, 4,190 , 1214 , 12.14 
85,0, 4, 0,Row,140, 4,126 , 1150 , 11.5 
85,0, 4, 0,Col,140, 4,30 , 1054 , 10.54 
86,0, 4, 0,Row,138, 5,190 , 1470 , 14.7 
86,0, 4, 0,Col,138, 5,88 , 1368 , 13.68 
86,0, 4, 0,Row,9, 0,143 , 143 , 1.43 
86,0, 4, 0,Col,9, 0,123 , 123 , 1.23 
87,0, 4, 0,Row,7, 6,114 , 1650 , 16.5 
87,0, 4, 0,Col,7, 5,247 , 1527 , 15.27 
88,0, 4, 0,Row,4, 7,245 , 2037 , 20.37 
88,0, 4, 0,Col,4, 7,148 , 1940 , 19.4 
89,0, 4, 0,Row,1, 9,208 , 2512 , 25.12 
89,0, 4, 0,Col,1, 9,102 , 2406 , 24.06 
90,0, 4, 0,Row,254, 7,90 , 1882 , 18.82 
90,0, 4, 0,Col,254, 6,214 , 1750 , 17.5 
91,0, 4, 0,Row,252, 5,238 , 1518 , 15.18 
91,0, 4, 0,Col,252, 5,124 , 1404 , 14.04 
92,0, 4, 0,Row,249, 6,133 , 1669 , 16.69 
92,0, 4, 0,Col,249, 6,9 , 1545 , 15.45 
92,0, 4, 0,Row,121, 0,177 , 177 , 1.77 
92,0, 4, 0,Col,121, 0,155 , 155 , 1.55 
93,0, 4, 0,Row,118, 6,143 , 1679 , 16.79 
93,0, 4, 0,Col,118, 6,27 , 1563 , 15.63 
94,0, 4, 0,Row,244, 6,134 , 1670 , 16.7 
94,0, 4, 0,Col,244, 6,34 , 1570 , 15.7 
95,0, 4, 0,Row,112, 8,40 , 2088 , 20.88 
95,0, 4, 0,Col,113, 7,152 , 1944 , 19.44 
96,0, 4, 0,Row,110, 5,181 , 1461 , 14.61 
96,0, 4, 0,Col,110, 5,64 , 1344 , 13.44 
97,0, 4, 0,Row,107, 7,100 , 1892 , 18.92 
97,0, 4, 0,Col,107, 6,226 , 1762 , 17.62 
98,0, 4, 0,Row,104, 10,134 , 2694 , 26.94 
98,0, 4, 0,Col,104, 10,37 , 2597 , 25.97 
99,0, 4, 0,Row,102, 6,161 , 1697 , 16.97 
99,0, 4, 0,Col,102, 6,37 , 1573 , 15.73 
100,0, 4, 0,Row,99, 10,50 , 2610 , 26.1 
100,0, 4, 0,Col,99, 9,176 , 2480 , 24.8 
101,0, 4, 0,Row,96, 4,166 , 1190 , 11.9 
101,0, 4, 0,Col,96, 4,51 , 1075 , 10.75 
102,0, 4, 0,Row,94, 9,85 , 2389 , 23.89 
102,0, 4, 0,Col,94, 8,233 , 2281 , 22.81 
103,0, 4, 0,Row,218, 4,230 , 1254 , 12.54 
103,0, 4, 0,Col,218, 4,112 , 1136 , 11.36 
104,0, 4, 0,Row,216, 5,215 , 1495 , 14.95 
104,0, 4, 0,Col,216, 5,103 , 1383 , 13.83 
105,0, 4, 0,Row,213, 5,118 , 1398 , 13.98 
105,0, 4, 0,Col,213, 5,5 , 1285 , 12.85 
106,0, 4, 0,Row,210, 8,54 , 2102 , 21.02 
106,0, 4, 0,Col,210, 7,199 , 1991 , 19.91 
107,0, 4, 0,Row,208, 7,56 , 1848 , 18.48 
107,0, 4, 0,Col,208, 6,195 , 1731 , 17.31 
108,0, 4, 0,Row,205, 7,209 , 2001 , 20.01 
108,0, 4, 0,Col,205, 7,89 , 1881 , 18.81 
109,0, 4, 0,Row,202, 3,168 , 936 , 9.36 
109,0, 4, 0,Col,202, 3,52 , 820 , 8.2 
110,0, 4, 0,Row,200, 8,240 , 2288 , 22.88 
110,0, 4, 0,Col,200, 8,136 , 2184 , 21.84 
111,0, 4, 0,Row,197, 12,217 , 3289 , 32.89 
111,0, 4, 0,Col,197, 12,76 , 3148 , 31.48 
112,0, 4, 0,Row,194, 6,241 , 1777 , 17.77 
112,0, 4, 0,Col,194, 6,113 , 1649 , 16.49 
113,0, 4, 0,Row,191, 7,70 , 1862 , 18.62 
113,0, 4, 0,Col,191, 6,216 , 1752 , 17.52 
114,0, 4, 0,Row,189, 7,131 , 1923 , 19.23 
114,0, 4, 0,Col,189, 6,247 , 1783 , 17.83 
115,0, 4, 0,Row,186, 10,253 , 2813 , 28.13 
115,0, 4, 0,Col,186, 10,112 , 2672 , 26.72 
116,0, 4, 0,Row,183, 6,130 , 1666 , 16.66 
116,0, 4, 0,Col,183, 6,19 , 1555 , 15.55 
117,0, 4, 0,Row,181, 5,56 , 1336 , 13.36 
117,0, 4, 0,Col,181, 4,191 , 1215 , 12.15 
118,0, 4, 0,Row,178, 4,233 , 1257 , 12.57 
118,0, 4, 0,Col,178, 4,123 , 1147 , 11.47 
119,0, 4, 0,Row,175, 5,112 , 1392 , 13.92 
119,0, 4, 0,Col,175, 4,244 , 1268 , 12.68 
120,0, 4, 0,Row,173, 8,203 , 2251 , 22.51 
120,0, 4, 0,Col,173, 8,77 , 2125 , 21.25 
121,0, 4, 0,Row,170, 5,136 , 1416 , 14.16 
121,0, 4, 0,Col,170, 5,14 , 1294 , 12.94 
122,0, 4, 0,Row,167, 8,11 , 2059 , 20.59 
122,0, 4, 0,Col,167, 7,150 , 1942 , 19.42 
123,0, 4, 0,Row,164, 8,177 , 2225 , 22.25 
123,0, 4, 0,Col,164, 8,47 , 2095 , 20.95 
124,0, 4, 0,Row,33, 1,152 , 408 , 4.08 
124,0, 4, 0,Row,33, 6,105 , 1641 , 16.41 
124,0, 4, 0,Col,33, 5,222 , 1502 , 15.02 
125,0, 4, 0,Row,31, 5,217 , 1497 , 14.97 
125,0, 4, 0,Col,31, 5,97 , 1377 , 13.77 
126,0, 4, 0,Row,28, 4,77 , 1101 , 11.01 
126,0, 4, 0,Col,28, 3,216 , 984 , 9.84 
127,0, 4, 0,Row,25, 4,208 , 1232 , 12.32 
127,0, 4, 0,Col,25, 4,77 , 1101 , 11.01 
128,0, 4, 0,Row,22, 7,179 , 1971 , 19.71 
128,0, 4, 0,Col,23, 7,43 , 1835 , 18.35 
129,0, 4, 0,Row,20, 3,135 , 903 , 9.03 
129,0, 4, 0,Col,20, 3,13 , 781 , 7.81 
130,0, 4, 0,Row,17, 7,71 , 1863 , 18.63 
130,0, 4, 0,Col,17, 6,215 , 1751 , 17.51 
131,0, 4, 0,Row,142, 7,241 , 2033 , 20.33 
131,0, 4, 0,Col,142, 7,104 , 1896 , 18.96 
132,0, 4, 0,Row,139, 6,26 , 1562 , 15.62 
132,0, 4, 0,Col,139, 5,157 , 1437 , 14.37 
133,0, 4, 0,Row,137, 7,55 , 1847 , 18.47 
133,0, 4, 0,Col,137, 6,194 , 1730 , 17.3 
134,0, 4, 0,Row,134, 5,109 , 1389 , 13.89 
134,0, 4, 0,Col,134, 4,248 , 1272 , 12.72 
135,0, 4, 0,Row,131, 8,117 , 2165 , 21.65 
135,0, 4, 0,Col,131, 8,7 , 2055 , 20.55 
136,0, 4, 0,Row,128, 5,226 , 1506 , 15.06 
136,0, 4, 0,Col,128, 5,113 , 1393 , 13.93 
137,0, 4, 0,Row,126, 8,84 , 2132 , 21.32 
137,0, 4, 0,Col,126, 7,224 , 2016 , 20.16 
138,0, 4, 0,Row,123, 7,192 , 1984 , 19.84 
138,0, 4, 0,Col,123, 7,88 , 1880 , 18.8 
139,0, 4, 0,Row,120, 8,40 , 2088 , 20.88 
139,0, 4, 0,Col,120, 7,183 , 1975 , 19.75 
140,0, 4, 0,Row,118, 6,105 , 1641 , 16.41 
140,0, 4, 0,Col,118, 5,238 , 1518 , 15.18 
141,0, 4, 0,Row,115, 7,219 , 2011 , 20.11 
141,0, 4, 0,Col,115, 7,115 , 1907 , 19.07 
142,0, 4, 0,Row,112, 9,144 , 2448 , 24.48 
142,0, 4, 0,Col,112, 9,38 , 2342 , 23.42 
143,0, 4, 0,Row,110, 6,251 , 1787 , 17.87 
143,0, 4, 0,Col,110, 6,143 , 1679 , 16.79 
144,0, 4, 0,Row,107, 8,182 , 2230 , 22.3 
144,0, 4, 0,Col,107, 8,74 , 2122 , 21.22 
145,0, 4, 0,Row,104, 8,144 , 2192 , 21.92 
145,0, 4, 0,Col,104, 8,28 , 2076 , 20.76 
146,0, 4, 0,Row,101, 8,27 , 2075 , 20.75 
146,0, 4, 0,Col,101, 7,151 , 1943 , 19.43 
147,0, 4, 0,Row,99, 9,127 , 2431 , 24.31 
147,0, 4, 0,Col,99, 9,7 , 2311 , 23.11 
148,0, 4, 0,Row,96, 7,6 , 1798 , 17.98 
148,0, 4, 0,Col,96, 6,157 , 1693 , 16.93 
149,0, 4, 0,Row,93, 6,234 , 1770 , 17.7 
149,0, 4, 0,Col,93, 6,127 , 1663 , 16.63 
150,0, 4, 0,Row,91, 4,183 , 1207 , 12.07 
150,0, 4, 0,Col,91, 4,65 , 1089 , 10.89 
151,0, 4, 0,Row,88, 5,168 , 1448 , 14.48 
151,0, 4, 0,Col,88, 5,69 , 1349 , 13.49 
152,0, 4, 0,Row,85, 4,229 , 1253 , 12.53 
152,0, 4, 0,Col,85, 4,119 , 1143 , 11.43 
153,0, 4, 0,Row,83, 8,143 , 2191 , 21.91 
153,0, 4, 0,Col,83, 8,36 , 2084 , 20.84 
154,0, 4, 0,Row,80, 6,29 , 1565 , 15.65 
154,0, 4, 0,Col,80, 5,153 , 1433 , 14.33 
155,0, 4, 0,Row,205, 3,254 , 1022 , 10.22 
155,0, 4, 0,Col,205, 3,125 , 893 , 8.93 
156,0, 4, 0,Row,74, 7,238 , 2030 , 20.3 
156,0, 4, 0,Col,74, 7,146 , 1938 , 19.38 
157,0, 4, 0,Row,72, 6,251 , 1787 , 17.87 
157,0, 4, 0,Col,72, 6,159 , 1695 , 16.95 
158,0, 4, 0,Row,197, 11,163 , 2979 , 29.79 
158,0, 4, 0,Col,197, 11,33 , 2849 , 28.49 
159,0, 4, 0,Row,194, 7,98 , 1890 , 18.9 
159,0, 4, 0,Col,194, 6,239 , 1775 , 17.75 
160,0, 4, 0,Row,191, 8,99 , 2147 , 21.47 
160,0, 4, 0,Col,191, 7,209 , 2001 , 20.01 
161,0, 4, 0,Row,188, 9,64 , 2368 , 23.68 
161,0, 4, 0,Col,189, 8,193 , 2241 , 22.41 
162,0, 4, 0,Row,186, 4,83 , 1107 , 11.07 
162,0, 4, 0,Col,186, 3,213 , 981 , 9.81 
163,0, 4, 0,Row,183, 6,16 , 1552 , 15.52 
163,0, 4, 0,Col,183, 5,160 , 1440 , 14.4 
164,0, 4, 0,Row,180, 5,180 , 1460 , 14.6 
164,0, 4, 0,Col,180, 5,77 , 1357 , 13.57 
165,0, 4, 0,Row,178, 8,218 , 2266 , 22.66 
165,0, 4, 0,Col,178, 8,118 , 2166 , 21.66 
166,0, 4, 0,Row,175, 8,56 , 2104 , 21.04 
166,0, 4, 0,Col,175, 7,210 , 2002 , 20.02 
167,0, 4, 0,Row,44, 5,215 , 1495 , 14.95 
167,0, 4, 0,Col,44, 5,73 , 1353 , 13.53 
168,0, 4, 0,Row,170, 4,228 , 1252 , 12.52 
168,0, 4, 0,Col,170, 4,140 , 1164 , 11.64 
168,0, 4, 0,Row,41, 0,92 , 92 , 0.92 
168,0, 4, 0,Col,41, 0,61 , 61 , 0.61 
169,0, 4, 0,Row,38, 6,189 , 1725 , 17.25 
169,0, 4, 0,Col,38, 6,85 , 1621 , 16.21 
170,0, 4, 0,Row,36, 4,251 , 1275 , 12.75 
170,0, 4, 0,Col,36, 4,147 , 1171 , 11.71 
171,0, 4, 0,Row,33, 13,81 , 3409 , 34.09 
171,0, 4, 0,Col,33, 12,201 , 3273 , 32.73 
172,0, 4, 0,Row,30, 7,140 , 1932 , 19.32 
172,0, 4, 0,Col,30, 7,16 , 1808 , 18.08 
173,0, 4, 0,Row,28, 6,111 , 1647 , 16.47 
173,0, 4, 0,Col,28, 5,242 , 1522 , 15.22 
174,0, 4, 0,Row,25, 7,205 , 1997 , 19.97 
174,0, 4, 0,Col,25, 7,90 , 1882 , 18.82 
174,0, 4, 0,Row,25, 0,248 , 248 , 2.48 
174,0, 4, 0,Col,153, 0,226 , 226 , 2.26 
175,0, 4, 0,Row,150, 7,129 , 1921 , 19.21 
175,0, 4, 0,Col,150, 7,1 , 1793 , 17.93 
176,0, 4, 0,Row,147, 6,87 , 1623 , 16.23 
176,0, 4, 0,Col,147, 5,221 , 1501 , 15.01 
177,0, 4, 0,Row,144, 5,233 , 1513 , 15.13 
177,0, 4, 0,Col,144, 5,137 , 1417 , 14.17 
178,0, 4, 0,Row,142, 11,95 , 2911 , 29.11 
178,0, 4, 0,Col,142, 10,219 , 2779 , 27.79 
179,0, 4, 0,Row,139, 7,149 , 1941 , 19.41 
179,0, 4, 0,Col,139, 7,44 , 1836 , 18.36 
180,0, 4, 0,Row,136, 6,185 , 1721 , 17.21 
180,0, 4, 0,Col,136, 6,78 , 1614 , 16.14 
181,0, 4, 0,Row,134, 6,193 , 1729 , 17.29 
181,0, 4, 0,Col,134, 6,81 , 1617 , 16.17 
182,0, 4, 0,Row,131, 7,188 , 1980 , 19.8 
182,0, 4, 0,Col,131, 7,79 , 1871 , 18.71 
183,0, 4, 0,Row,128, 9,96 , 2400 , 24.0 
183,0, 4, 0,Col,128, 8,232 , 2280 , 22.8 
184,0, 4, 0,Row,125, 6,200 , 1736 , 17.36 
184,0, 4, 0,Col,125, 6,84 , 1620 , 16.2 
185,0, 4, 0,Row,123, 4,107 , 1131 , 11.31 
185,0, 4, 0,Col,123, 3,240 , 1008 , 10.08 
186,0, 4, 0,Row,120, 5,162 , 1442 , 14.42 
186,0, 4, 0,Col,120, 5,37 , 1317 , 13.17 
187,0, 4, 0,Row,117, 6,113 , 1649 , 16.49 
187,0, 4, 0,Col,117, 5,247 , 1527 , 15.27 
188,0, 4, 0,Row,115, 5,93 , 1373 , 13.73 
188,0, 4, 0,Col,115, 4,254 , 1278 , 12.78 
189,0, 4, 0,Row,112, 5,37 , 1317 , 13.17 
189,0, 4, 0,Col,112, 4,180 , 1204 , 12.04 
190,0, 4, 0,Row,109, 3,145 , 913 , 9.13 
190,0, 4, 0,Col,109, 3,31 , 799 , 7.99 
191,0, 4, 0,Row,107, 8,196 , 2244 , 22.44 
191,0, 4, 0,Col,107, 8,85 , 2133 , 21.33 
192,0, 4, 0,Row,231, 8,9 , 2057 , 20.57 
192,0, 4, 0,Col,231, 7,133 , 1925 , 19.25 
193,0, 4, 0,Row,229, 7,93 , 1885 , 18.85 
193,0, 4, 0,Col,229, 6,241 , 1777 , 17.77 
194,0, 4, 0,Row,226, 8,22 , 2070 , 20.7 
194,0, 4, 0,Col,226, 7,159 , 1951 , 19.51 
195,0, 4, 0,Row,223, 5,177 , 1457 , 14.57 
195,0, 4, 0,Col,223, 5,53 , 1333 , 13.33 
196,0, 4, 0,Row,221, 8,81 , 2129 , 21.29 
196,0, 4, 0,Col,221, 7,235 , 2027 , 20.27 
197,0, 4, 0,Row,218, 8,110 , 2158 , 21.58 
197,0, 4, 0,Col,218, 8,1 , 2049 , 20.49 
198,0, 4, 0,Row,215, 4,169 , 1193 , 11.93 
198,0, 4, 0,Col,215, 4,57 , 1081 , 10.81 
199,0, 4, 0,Row,213, 3,44 , 812 , 8.12 
199,0, 4, 0,Col,213, 2,183 , 695 , 6.95 
200,0, 4, 0,Row,210, 4,103 , 1127 , 11.27 
200,0, 4, 0,Col,210, 4,1 , 1025 , 10.25 
201,0, 4, 0,Row,207, 9,64 , 2368 , 23.68 
201,0, 4, 0,Col,207, 8,169 , 2217 , 22.17 
202,0, 4, 0,Row,204, 8,75 , 2123 , 21.23 
202,0, 4, 0,Col,204, 7,201 , 1993 , 19.93 
203,0, 4, 0,Row,202, 4,166 , 1190 , 11.9 
203,0, 4, 0,Col,202, 4,36 , 1060 , 10.6 
204,0, 4, 0,Row,199, 5,89 , 1369 , 13.69 
204,0, 4, 0,Col,199, 4,225 , 1249 , 12.49 
205,0, 4, 0,Row,196, 6,221 , 1757 , 17.57 
205,0, 4, 0,Col,196, 6,92 , 1628 , 16.28 
206,0, 4, 0,Row,194, 6,82 , 1618 , 16.18 
206,0, 4, 0,Col,194, 5,224 , 1504 , 15.04 
207,0, 4, 0,Row,191, 4,157 , 1181 , 11.81 
207,0, 4, 0,Col,191, 4,45 , 1069 , 10.69 
208,0, 4, 0,Row,188, 2,160 , 672 , 6.72 
208,0, 4, 0,Col,188, 2,45 , 557 , 5.57 
209,0, 4, 0,Row,186, 5,238 , 1518 , 15.18 
209,0, 4, 0,Col,186, 5,114 , 1394 , 13.94 
210,0, 4, 0,Row,54, 6,81 , 1617 , 16.17 
210,0, 4, 0,Col,54, 5,206 , 1486 , 14.86 
211,0, 4, 0,Row,52, 6,146 , 1682 , 16.82 
211,0, 4, 0,Col,52, 6,38 , 1574 , 15.74 
212,0, 4, 0,Row,49, 7,65 , 1857 , 18.57 
212,0, 4, 0,Col,49, 6,205 , 1741 , 17.41 
213,0, 4, 0,Row,46, 7,254 , 2046 , 20.46 
213,0, 4, 0,Col,46, 7,145 , 1937 , 19.37 
214,0, 4, 0,Row,44, 5,224 , 1504 , 15.04 
214,0, 4, 0,Col,44, 5,95 , 1375 , 13.75 
215,0, 4, 0,Row,41, 6,180 , 1716 , 17.16 
215,0, 4, 0,Col,41, 6,59 , 1595 , 15.95 
216,0, 4, 0,Row,38, 6,23 , 1559 , 15.59 
216,0, 4, 0,Col,38, 5,164 , 1444 , 14.44 
217,0, 4, 0,Row,35, 4,197 , 1221 , 12.21 
217,0, 4, 0,Col,35, 4,83 , 1107 , 11.07 
218,0, 4, 0,Row,33, 6,125 , 1661 , 16.61 
218,0, 4, 0,Col,33, 5,253 , 1533 , 15.33 
219,0, 4, 0,Row,30, 3,74 , 842 , 8.42 
219,0, 4, 0,Col,30, 2,190 , 702 , 7.02 
220,0, 4, 0,Row,27, 8,45 , 2093 , 20.93 
220,0, 4, 0,Col,27, 7,169 , 1961 , 19.61 
221,0, 4, 0,Row,25, 2,104 , 616 , 6.16 
221,0, 4, 0,Col,25, 1,245 , 501 , 5.01 
222,0, 4, 0,Row,22, 6,5 , 1541 , 15.41 
222,0, 4, 0,Col,22, 5,138 , 1418 , 14.18 
223,0, 4, 0,Row,19, 4,170 , 1194 , 11.94 
223,0, 4, 0,Col,19, 4,61 , 1085 , 10.85 
224,0, 4, 0,Row,17, 6,121 , 1657 , 16.57 
224,0, 4, 0,Col,17, 6,10 , 1546 , 15.46 
225,0, 4, 0,Row,141, 9,57 , 2361 , 23.61 
225,0, 4, 0,Col,141, 8,173 , 2221 , 22.21 
226,0, 4, 0,Row,139, 2,204 , 716 , 7.16 
226,0, 4, 0,Col,139, 2,90 , 602 , 6.02 
227,0, 4, 0,Row,136, 7,225 , 2017 , 20.17 
227,0, 4, 0,Col,136, 7,95 , 1887 , 18.87 
228,0, 4, 0,Row,133, 6,163 , 1699 , 16.99 
228,0, 4, 0,Col,133, 6,55 , 1591 , 15.91 
229,0, 4, 0,Row,131, 5,159 , 1439 , 14.39 
229,0, 4, 0,Col,131, 5,19 , 1299 , 12.99 
230,0, 4, 0,Row,128, 4,27 , 1051 , 10.51 
230,0, 4, 0,Col,128, 3,159 , 927 , 9.27 
231,0, 4, 0,Row,125, 8,231 , 2279 , 22.79 
231,0, 4, 0,Col,125, 8,96 , 2144 , 21.44 
232,0, 4, 0,Row,123, 3,156 , 924 , 9.24 
232,0, 4, 0,Col,123, 3,46 , 814 , 8.14 
233,0, 4, 0,Row,120, 5,18 , 1298 , 12.98 
233,0, 4, 0,Col,120, 4,168 , 1192 , 11.92 
234,0, 4, 0,Row,117, 7,75 , 1867 , 18.67 
234,0, 4, 0,Col,117, 6,205 , 1741 , 17.41 
235,0, 4, 0,Row,114, 3,166 , 934 , 9.34 
235,0, 4, 0,Col,114, 3,54 , 822 , 8.22 
236,0, 4, 0,Row,112, 3,175 , 943 , 9.43 
236,0, 4, 0,Col,112, 3,58 , 826 , 8.26 
237,0, 4, 0,Row,109, 3,229 , 997 , 9.97 
237,0, 4, 0,Col,109, 3,114 , 882 , 8.82 
238,0, 4, 0,Row,106, 2,68 , 580 , 5.8 
238,0, 4, 0,Col,106, 1,208 , 464 , 4.64 
239,0, 4, 0,Row,231, 5,112 , 1392 , 13.92 
239,0, 4, 0,Col,231, 4,233 , 1257 , 12.57 
240,0, 4, 0,Row,228, 4,224 , 1248 , 12.48 
240,0, 4, 0,Col,228, 4,117 , 1141 , 11.41 
241,0, 4, 0,Row,226, 4,34 , 1058 , 10.58 
241,0, 4, 0,Col,226, 3,191 , 959 , 9.59 
242,0, 4, 0,Row,223, 4,236 , 1260 , 12.6 
242,0, 4, 0,Col,223, 4,116 , 1140 , 11.4 
243,0, 4, 0,Row,220, 10,146 , 2706 , 27.06 
243,0, 4, 0,Col,220, 10,33 , 2593 , 25.93 
244,0, 4, 0,Row,218, 7,187 , 1979 , 19.79 
244,0, 4, 0,Col,218, 7,73 , 1865 , 18.65 
245,0, 4, 0,Row,215, 9,144 , 2448 , 24.48 
245,0, 4, 0,Col,215, 9,28 , 2332 , 23.32 
246,0, 4, 0,Row,84, 7,127 , 1919 , 19.19 
246,0, 4, 0,Col,84, 6,236 , 1772 , 17.72 
247,0, 4, 0,Row,81, 9,145 , 2449 , 24.49 
247,0, 4, 0,Col,81, 9,44 , 2348 , 23.48 
248,0, 4, 0,Row,78, 8,226 , 2274 , 22.74 
248,0, 4, 0,Col,78, 8,116 , 2164 , 21.64 
249,0, 4, 0,Row,76, 6,117 , 1653 , 16.53 
249,0, 4, 0,Col,76, 5,245 , 1525 , 15.25 
250,0, 4, 0,Row,73, 4,130 , 1154 , 11.54 
250,0, 4, 0,Col,73, 4,14 , 1038 , 10.38 
251,0, 4, 0,Row,70, 5,21 , 1301 , 13.01 
251,0, 4, 0,Col,70, 4,163 , 1187 , 11.87 
252,0, 4, 0,Row,68, 6,131 , 1667 , 16.67 
252,0, 4, 0,Col,68, 6,21 , 1557 , 15.57 
253,0, 4, 0,Row,65, 7,232 , 2024 , 20.24 
253,0, 4, 0,Col,65, 7,109 , 1901 , 19.01 
254,0, 4, 0,Row,190, 10,107 , 2667 , 26.67 
254,0, 4, 0,Col,190, 9,223 , 2527 , 25.27 
255,0, 4, 0,Row,187, 7,84 , 1876 , 18.76 
255,0, 4, 0,Col,187, 6,222 , 1758 , 17.58 
256,0, 4, 0,Row,184, 7,75 , 1867 , 18.67 
256,0, 4, 0,Col,184, 6,218 , 1754 , 17.54 
257,0, 4, 0,Row,182, 6,13 , 1549 , 15.49 
257,0, 4, 0,Col,182, 5,155 , 1435 , 14.35 
258,0, 4, 0,Row,179, 7,5 , 1797 , 17.97 
258,0, 4, 0,Col,179, 6,137 , 1673 , 16.73 
259,0, 4, 0,Row,48, 6,20 , 1556 , 15.56 
259,0, 4, 0,Col,48, 5,150 , 1430 , 14.3 
260,0, 4, 0,Row,45, 6,42 , 1578 , 15.78 
260,0, 4, 0,Col,45, 5,196 , 1476 , 14.76 
261,0, 4, 0,Row,42, 5,78 , 1358 , 13.58 
261,0, 4, 0,Col,42, 4,218 , 1242 , 12.42 
262,0, 4, 0,Row,40, 7,212 , 2004 , 20.04 
262,0, 4, 0,Col,40, 7,105 , 1897 , 18.97 
263,0, 4, 0,Row,37, 5,248 , 1528 , 15.28 
263,0, 4, 0,Col,37, 5,138 , 1418 , 14.18 
264,0, 4, 0,Row,34, 8,104 , 2152 , 21.52 
264,0, 4, 0,Col,34, 7,255 , 2047 , 20.47 
265,0, 4, 0,Row,32, 8,86 , 2134 , 21.34 
265,0, 4, 0,Col,32, 7,233 , 2025 , 20.25 
266,0, 4, 0,Row,29, 9,9 , 2313 , 23.13 
266,0, 4, 0,Col,29, 8,154 , 2202 , 22.02 
267,0, 4, 0,Row,26, 5,123 , 1403 , 14.03 
267,0, 4, 0,Col,26, 5,15 , 1295 , 12.95 
268,0, 4, 0,Row,24, 5,55 , 1335 , 13.35 
268,0, 4, 0,Col,24, 4,205 , 1229 , 12.29 
